last_name, first_name,year,player_age,b_ab,b_total_pa,b_total_hits,b_single,b_double,b_triple,b_home_run,b_strikeout,b_k_percent,batting_avg,on_base_percent,b_rbi,r_total_stolen_base,b_hit_by_pitch,exit_velocity_avg,launch_angle_avg,barrel_batted_rate
Beltran, Carlos,2017,40,467,509,108,65,29,0,14,102,20,0.231,0.283,51,0,3,87.3,13.3,4.6
Pujols, Albert,2017,37,593,636,143,103,17,0,23,93,14.6,0.241,0.286,101,3,2,88.7,13.4,5.4
Mauer, Joe,2017,34,525,597,160,116,36,1,7,83,13.9,0.305,0.384,71,2,3,90.2,5.6,4.5
Cabrera, Miguel,2017,34,469,529,117,79,22,0,16,110,20.8,0.249,0.329,60,0,3,91.3,12.2,10.5
Phillips, Brandon,2017,36,572,604,163,115,34,1,13,73,12.1,0.285,0.318,60,11,8,84.5,8,2.4
Reyes, Jose,2017,34,501,561,123,76,25,7,15,79,14.1,0.246,0.312,58,24,2,83.5,14.6,2.6
Choo, Shin-Soo,2017,35,544,636,142,99,20,1,22,134,21.1,0.261,0.355,78,12,7,88,7.2,8.6
Molina, Yadier,2017,35,501,543,137,91,27,1,18,74,13.6,0.273,0.311,82,9,4,87.8,14.5,5.9
Cano, Robinson,2017,35,592,648,166,110,33,0,23,85,13.1,0.28,0.338,97,1,4,90.3,7.4,6.3
Encarnacion, Edwin,2017,34,554,669,143,84,20,1,38,133,19.9,0.258,0.377,107,2,5,89.2,16.7,10.6
Bautista, Jose,2017,37,587,686,119,69,27,0,23,170,24.8,0.203,0.308,65,6,8,88.3,16.9,6.6
Jones, Adam,2017,32,597,635,170,115,28,1,26,113,17.8,0.285,0.321,73,2,7,86.5,11.6,6.4
Granderson, Curtis,2017,36,449,527,95,42,24,3,26,123,23.3,0.212,0.323,64,6,4,87.5,20.2,10.9
Ramirez, Hanley,2017,34,496,553,120,73,24,0,23,116,21,0.242,0.32,62,1,6,88.4,12.5,9.5
Morales, Kendrys,2017,34,557,608,139,86,25,0,28,132,21.7,0.25,0.308,85,0,5,91.1,9.5,10
Kinsler, Ian,2017,35,551,613,130,80,25,3,22,86,14,0.236,0.313,52,14,7,86.2,19.3,4.9
Cruz, Nelson,2017,37,556,645,160,93,28,0,39,140,21.7,0.288,0.375,119,1,12,93.2,12.4,14.2
Trumbo, Mark,2017,31,559,603,131,86,22,0,23,149,24.7,0.234,0.289,65,1,1,89.6,12.6,7.1
Peralta, David,2017,30,525,577,154,106,31,3,14,94,16.3,0.293,0.352,57,8,6,88,4.2,4.1
Escobar, Alcides,2017,31,599,629,150,103,36,5,6,102,16.2,0.25,0.269,54,4,4,83.1,12.7,2.2
Longoria, Evan,2017,32,613,677,160,102,36,2,20,109,16.1,0.261,0.313,86,6,6,86.7,12.7,5.2
Cozart, Zack,2017,32,438,507,130,75,24,7,24,78,15.4,0.297,0.385,63,3,3,85.8,14.7,4.4
Reynolds, Mark,2017,34,520,593,139,86,22,1,30,175,29.5,0.267,0.352,97,2,1,87.1,11.9,8.3
Davis, Chris,2017,31,456,524,98,56,15,1,26,195,37.2,0.215,0.309,61,1,3,89.9,14.8,12.8
Headley, Chase,2017,33,512,586,140,97,30,1,12,132,22.5,0.273,0.352,61,9,6,86.7,11.3,4.6
Pence, Hunter,2017,34,493,539,128,97,13,5,13,102,18.9,0.26,0.315,67,2,2,89,4.4,5.8
Span, Denard,2017,33,497,542,135,87,31,5,12,69,12.7,0.272,0.328,43,12,3,84.6,10.3,3.3
Cabrera, Asdrubal,2017,32,479,540,134,88,32,0,14,83,15.4,0.28,0.35,59,3,5,86.7,11.3,4.7
Blackmon, Charlie,2017,31,644,725,213,127,35,14,37,135,18.6,0.331,0.397,104,14,10,86.9,12.8,8.7
Frazier, Todd,2017,31,474,576,101,54,19,1,27,125,21.7,0.213,0.344,76,4,14,87.5,20.3,9.6
Markakis, Nick,2017,34,593,670,163,115,39,1,8,110,16.4,0.275,0.354,76,0,6,88.3,8.6,3.3
Cain, Lorenzo,2017,31,584,645,175,128,27,5,15,100,15.5,0.3,0.363,49,26,5,89.1,10.1,3.5
McCutchen, Andrew,2017,31,570,650,159,99,30,2,28,116,17.8,0.279,0.363,88,11,4,88.4,14.2,7.7
Upton, Justin,2017,30,557,635,152,73,44,0,35,180,28.3,0.273,0.361,109,14,3,88.7,15.7,13.2
Turner, Justin,2017,33,457,543,147,94,32,0,21,56,10.3,0.322,0.414,71,7,19,89.3,18.3,8.6
Posey, Buster,2017,30,494,568,158,112,34,0,12,66,11.6,0.32,0.4,67,6,8,88.7,11.6,3.5
Bruce, Jay,2017,30,555,617,141,74,29,2,36,139,22.5,0.254,0.324,101,1,2,88.4,18.2,10.7
Votto, Joey,2017,34,559,707,179,108,34,1,36,83,11.7,0.32,0.454,100,5,8,87.6,14,9.1
Gardner, Brett,2017,34,594,682,157,106,26,4,21,122,17.9,0.264,0.348,63,23,8,85.4,9.2,3.8
Joyce, Matt,2017,33,469,544,114,56,33,0,25,113,20.8,0.243,0.335,68,4,2,88.1,15.2,8.8
Gordon, Alex,2017,33,476,541,99,68,20,2,9,126,23.3,0.208,0.292,45,7,14,85.8,13.2,4.5
Andrus, Elvis,2017,29,643,689,191,123,44,4,20,101,14.7,0.297,0.337,88,25,3,86.4,7.5,4.2
Cabrera, Melky,2017,33,620,666,177,128,30,2,17,74,11.1,0.285,0.323,85,1,2,88.2,8.7,3.8
Santana, Carlos,2017,31,571,667,148,85,37,3,23,94,14.1,0.259,0.363,79,5,6,88.4,12.7,7.5
Gonzalez, Carlos,2017,32,470,534,123,75,34,0,14,119,22.3,0.262,0.339,57,3,2,87.4,6.1,5.9
Mercer, Jordy,2017,31,502,558,128,85,24,5,14,88,15.8,0.255,0.326,58,0,3,85.7,9.2,3.1
Alonso, Yonder,2017,30,451,521,120,70,22,0,28,118,22.6,0.266,0.365,67,2,2,89.2,19.4,9.9
Smoak, Justin,2017,31,560,637,151,83,29,1,38,128,20.1,0.27,0.355,90,0,2,89.7,17,13.6
Zimmerman, Ryan,2017,33,524,576,159,90,33,0,36,126,21.9,0.303,0.358,108,1,3,91.4,8.5,12.7
Lowrie, Jed,2017,33,567,645,157,91,49,3,14,100,15.5,0.277,0.36,69,0,2,88.8,18.6,6
Morrison, Logan,2017,30,512,601,126,65,22,1,38,149,24.8,0.246,0.353,85,2,5,88.6,17.6,12.8
Gurriel, Yuli,2017,33,529,564,158,96,43,1,18,62,11,0.299,0.332,75,3,7,89.8,10.3,3.4
Solarte, Yangervis,2017,30,466,512,119,80,21,0,18,61,11.9,0.255,0.314,64,3,5,85.5,14.5,3.9
Freese, David,2017,34,426,503,112,86,16,0,10,116,23.1,0.263,0.368,52,0,15,89,3,6.4
Davis, Khris,2017,30,566,652,140,68,28,1,43,195,29.9,0.247,0.336,110,4,6,92.2,14.2,17.7
Pham, Tommy,2017,29,444,530,136,89,22,2,23,117,22.1,0.306,0.409,73,25,10,89.2,6.5,9.3
Reddick, Josh,2017,30,477,540,150,99,34,4,13,72,13.3,0.314,0.357,82,7,0,87.2,17.5,3.8
Murphy, Daniel,2017,32,534,593,172,103,43,3,23,77,13,0.322,0.384,93,2,4,89.6,17.3,4.8
Goldschmidt, Paul,2017,30,558,665,166,93,34,3,36,147,22.1,0.297,0.403,120,18,8,91.4,11.6,13.3
Gonzalez, Marwin,2017,28,455,515,138,81,34,0,23,99,19.2,0.303,0.375,90,8,6,87.5,10.9,6.6
Altuve, Jose,2017,27,590,662,204,137,39,4,24,84,12.7,0.346,0.409,81,32,9,85.5,9.1,6.7
Hernandez, Cesar,2017,27,511,577,150,109,26,6,9,104,18,0.294,0.373,34,15,4,84.3,3.3,2.9
Segura, Jean,2017,27,524,566,157,114,30,2,11,83,14.7,0.3,0.348,45,22,6,87.4,6.6,3.2
Freeman, Freddie,2017,28,440,514,135,70,35,2,28,95,18.5,0.307,0.403,71,8,7,89.6,15.8,13.3
LeMahieu, DJ,2017,29,609,682,189,149,28,4,8,90,13.2,0.31,0.372,64,6,6,88.8,2.8,1.9
Moreland, Mitch,2017,32,508,576,125,69,34,0,22,120,20.8,0.246,0.326,79,0,6,89.1,11.5,12
Moustakas, Mike,2017,29,555,598,151,89,24,0,38,94,15.7,0.272,0.314,85,0,3,87.3,18.3,8.6
Rizzo, Anthony,2017,28,572,691,156,89,32,3,32,90,13,0.273,0.392,109,10,24,88.1,15.3,9.3
Souza Jr., Steven,2017,28,523,617,125,72,21,2,30,179,29,0.239,0.35,78,16,7,88,10.9,11.5
Stanton, Giancarlo,2017,28,597,692,168,77,32,0,59,163,23.6,0.281,0.376,132,2,7,91.9,11.1,17.4
Thames, Eric,2017,31,469,551,116,55,26,4,31,163,29.6,0.247,0.359,63,4,7,88.1,12.7,11.1
Galvis, Freddy,2017,28,608,663,155,108,29,6,12,111,16.7,0.255,0.308,61,14,4,85.1,14,2.4
Garcia, Avisail,2017,26,518,561,171,121,27,5,18,111,19.8,0.33,0.38,80,5,9,90.3,7.5,8.8
Inciarte, Ender,2017,27,662,718,201,158,27,5,11,94,13.1,0.304,0.348,57,22,0,81.2,8.6,0.5
Ozuna, Marcell,2017,27,613,679,191,122,30,2,37,144,21.2,0.312,0.376,124,1,0,90.7,10.1,9.3
Beckham, Tim,2017,27,533,575,148,103,18,5,22,167,29,0.278,0.327,62,6,4,87.8,8.4,9.5
Crawford, Brandon,2017,30,518,570,131,82,34,1,14,113,19.8,0.253,0.305,77,3,1,87.4,11.4,6
Harrison, Josh,2017,30,486,542,132,88,26,2,16,90,16.6,0.272,0.338,47,12,23,84.1,15.7,2.7
Hosmer, Eric,2017,28,603,671,192,135,31,1,25,104,15.5,0.318,0.385,94,6,0,89.7,3.8,7
Rendon, Anthony,2017,27,508,605,153,86,41,1,25,82,13.6,0.301,0.403,100,7,7,89.8,18,6.5
Shaw, Travis,2017,27,538,606,147,81,34,1,31,138,22.8,0.273,0.348,101,10,4,88.3,14.6,7.2
Springer, George,2017,28,548,629,155,92,29,0,34,111,17.6,0.283,0.366,85,5,11,89.3,9.4,9.3
Gordon, Dee,2017,29,653,695,201,170,20,9,2,93,13.4,0.308,0.34,33,60,10,79.3,0.2,0.2
Gregorius, Didi,2017,27,534,570,153,101,27,0,25,70,12.3,0.287,0.318,87,3,3,84.4,17.4,3.6
Trout, Mike,2017,26,402,507,123,62,25,3,33,90,17.8,0.306,0.442,72,22,7,88.8,18,13.3
Herrera, Odubel,2017,26,526,563,148,89,42,3,14,126,22.4,0.281,0.325,56,8,4,86.5,8.9,6.2
Abreu, Jose,2017,30,621,675,189,107,43,6,33,119,17.6,0.304,0.354,102,3,15,90.5,11.3,9.5
Suarez, Eugenio,2017,26,534,632,139,86,25,2,26,147,23.3,0.26,0.367,82,4,9,86.2,14.7,6.9
Santana, Domingo,2017,25,525,607,146,87,29,0,30,178,29.3,0.278,0.371,85,15,6,89.3,10.5,9.7
Sanchez, Yolmer,2017,25,484,534,129,90,19,8,12,111,20.8,0.267,0.315,59,8,4,83.8,9.3,3.4
Schoop, Jonathan,2017,26,622,675,182,115,35,0,32,142,21,0.293,0.338,105,1,11,87.7,12.9,6.8
Arenado, Nolan,2017,26,606,680,187,100,43,7,37,106,15.6,0.309,0.372,130,3,4,88.8,17.3,8.5
Hamilton, Billy,2017,27,582,633,144,112,17,11,4,133,21,0.247,0.297,38,59,0,78.6,8.3,0.4
Joseph, Tommy,2017,26,495,533,119,69,27,1,22,129,24.2,0.24,0.289,69,1,2,89.1,14,7.3
Lamb, Jake,2017,27,536,635,133,69,30,4,30,152,23.9,0.248,0.357,105,6,7,88.3,12.2,9.3
Myers, Wil,2017,27,567,649,138,76,29,3,30,180,27.7,0.243,0.328,74,20,5,89.1,15.3,9.1
Seager, Kyle,2017,30,578,650,144,83,33,1,27,110,16.9,0.249,0.323,88,2,8,87.8,20.2,8.6
Carpenter, Matt,2017,32,497,622,120,64,31,2,23,125,20.1,0.241,0.383,69,2,9,88.9,21.4,8.2
Dickerson, Corey,2017,28,588,629,166,102,33,4,27,152,24.2,0.282,0.324,62,4,3,87.2,13.8,7.5
Dozier, Brian,2017,30,617,705,167,99,30,4,34,141,20,0.271,0.359,93,16,8,87.5,16.5,8.4
Bryant, Kris,2017,25,549,665,162,91,38,4,29,128,19.2,0.295,0.409,73,7,15,87.1,16.9,9.6
Castellanos, Nicholas,2017,25,614,665,167,95,36,10,26,142,21.4,0.272,0.32,101,4,5,89.1,14.1,10.7
Gamel, Ben,2017,25,509,550,140,97,27,5,11,122,22.2,0.275,0.322,59,4,1,86.2,10.7,4.1
Healy, Ryon,2017,25,576,605,156,102,29,0,25,142,23.5,0.271,0.302,78,0,4,88.2,12.6,7.6
Judge, Aaron,2017,25,542,678,154,75,24,3,52,208,30.7,0.284,0.422,114,9,5,94.9,15.8,25.7
Machado, Manny,2017,25,630,690,163,96,33,1,33,115,16.7,0.259,0.31,95,9,1,90.9,13.4,10.5
Realmuto, J.T.,2017,26,532,579,148,95,31,5,17,106,18.3,0.278,0.332,65,8,8,88.2,9.9,6.3
Rosario, Eddie,2017,26,542,589,157,95,33,2,27,106,18,0.29,0.326,78,9,0,86.6,12.7,7.4
Simmons, Andrelton,2017,28,589,647,164,110,38,2,14,67,10.4,0.278,0.331,69,19,3,85.9,7.6,2.5
Yelich, Christian,2017,26,602,695,170,114,36,2,18,137,19.7,0.282,0.368,81,16,6,90.4,4.7,7
Merrifield, Whit,2017,28,587,630,169,112,32,6,19,88,14,0.288,0.324,78,34,6,87,15.8,5.1
Bogaerts, Xander,2017,25,571,635,156,108,32,6,10,116,18.3,0.273,0.343,62,15,6,87.3,8.2,1.3
Polanco, Jorge,2017,24,488,544,125,79,30,3,13,78,14.3,0.256,0.309,74,13,2,83.6,14.8,2.6
Calhoun, Kole,2017,30,569,654,139,95,23,2,19,134,20.5,0.244,0.333,71,5,8,88.2,12.1,5.4
Duvall, Adam,2017,29,587,647,146,75,37,3,31,170,26.3,0.249,0.301,99,5,10,87.3,21.2,8.9
Schebler, Scott,2017,27,473,531,110,53,25,2,30,125,23.5,0.233,0.307,67,5,14,88.8,11.3,10.2
Baez, Javier,2017,25,469,508,128,79,24,2,23,144,28.3,0.273,0.313,75,10,1,86.9,9.2,8.4
Lindor, Francisco,2017,24,651,723,178,97,44,4,33,93,12.9,0.273,0.335,89,15,4,88.3,13.6,7.2
Odor, Rougned,2017,23,607,651,124,70,21,3,30,162,24.9,0.204,0.252,75,15,8,88.4,15.2,6
Story, Trevor,2017,25,503,555,120,61,32,3,24,191,34.4,0.239,0.308,82,7,2,88.9,18.8,10.5
Sanchez, Gary,2017,25,471,525,131,78,20,0,33,120,22.9,0.278,0.345,90,2,10,90.8,13.2,11.8
Kepler, Max,2017,24,511,568,124,71,32,2,19,114,20.1,0.243,0.312,69,6,6,88.3,12.7,4
Franco, Maikel,2017,25,575,623,132,78,29,1,24,95,15.2,0.23,0.281,76,0,2,88.9,11.4,6
Bradley Jr., Jackie,2017,27,482,541,118,79,19,3,17,124,22.9,0.245,0.323,63,8,9,88.1,9.4,7.5
Bell, Josh,2017,25,549,620,140,82,26,6,26,117,18.9,0.255,0.334,90,2,1,87.7,8.6,6.7
Betts, Mookie,2017,25,628,712,166,94,46,2,24,79,11.1,0.264,0.344,102,26,2,88.4,14.1,4.5
Panik, Joe,2017,27,511,573,147,104,28,5,10,54,9.4,0.288,0.346,53,4,5,84.5,11.3,2.6
Arcia, Orlando,2017,23,506,548,140,106,17,2,15,100,18.2,0.277,0.323,53,14,1,85.3,6.2,4.1
Peraza, Jose,2017,23,487,518,126,108,9,4,5,70,13.5,0.259,0.295,37,23,7,81.9,9.9,1.7
Pillar, Kevin,2017,28,587,632,150,96,37,1,16,95,15,0.256,0.299,42,15,6,85.5,12.8,3.4
Ramirez, Jose,2017,25,585,645,186,95,56,6,29,69,10.7,0.318,0.374,83,17,3,88,14.8,5
Bregman, Alex,2017,23,556,626,158,95,39,5,19,97,15.5,0.284,0.351,71,17,7,87.4,16.2,4.7
Gallo, Joey,2017,24,449,532,94,32,18,3,41,196,36.8,0.209,0.333,80,7,8,93.1,22.7,22.1
Seager, Corey,2017,23,539,613,159,104,33,0,22,131,21.4,0.295,0.375,77,4,4,89.7,11.1,8.5
Mazara, Nomar,2017,22,554,616,140,88,30,2,20,127,20.6,0.253,0.323,101,2,4,89,11.3,6.5
Swanson, Dansby,2017,23,488,551,113,82,23,2,6,120,21.8,0.232,0.312,51,3,0,86.8,8.4,3
Taylor, Chris,2017,27,514,568,148,88,34,5,21,142,25,0.288,0.354,72,17,3,86.8,11.8,7.8
Buxton, Byron,2017,24,462,511,117,81,14,6,16,150,29.4,0.253,0.311,51,29,4,85,11.8,5.6
Margot, Manuel,2017,23,487,529,128,90,18,7,13,106,20,0.263,0.312,39,17,2,84.5,10.1,2.6
Puig, Yasiel,2017,27,499,570,131,77,24,2,28,100,17.5,0.263,0.346,74,15,2,88.4,10.6,9.4
Anderson, Tim,2017,24,587,606,151,104,26,4,17,162,26.7,0.257,0.276,56,15,3,85,7.1,5.1
Bellinger, Cody,2017,22,480,548,128,59,26,4,39,146,26.6,0.267,0.352,97,10,1,89.6,16.5,12.2
Mancini, Trey,2017,25,543,586,159,105,26,4,24,139,23.7,0.293,0.338,78,1,6,88.6,7.2,9.8
Benintendi, Andrew,2017,23,573,658,155,108,26,1,20,112,17,0.271,0.351,90,20,6,87.1,14.2,5.5
Pujols, Albert,2019,39,491,545,120,75,22,0,23,68,12.5,0.244,0.305,93,3,3,88.3,12.4,6
Cabrera, Miguel,2019,36,493,549,139,106,21,0,12,108,19.7,0.282,0.346,59,0,3,90.3,12.2,6.4
Choo, Shin-Soo,2019,37,563,660,149,92,31,2,24,165,25,0.265,0.371,61,15,18,91.3,8.7,8.8
Encarnacion, Edwin,2019,36,418,486,102,50,18,0,34,103,21.2,0.244,0.344,86,0,7,90,22.5,12.6
Jones, Adam,2019,34,485,528,126,84,25,1,16,101,19.1,0.26,0.313,67,2,8,86,13.5,6.7
Desmond, Ian,2019,34,443,482,113,58,31,4,20,119,24.7,0.255,0.309,65,3,2,90.6,8.4,10.4
Cruz, Nelson,2019,39,454,521,141,74,26,0,41,131,25.1,0.311,0.392,108,0,7,93.7,13.1,19.9
Longoria, Evan,2019,34,453,508,115,74,19,2,20,112,22,0.254,0.325,69,3,7,89.7,14,7.5
Fowler, Dexter,2019,33,487,574,116,72,24,1,19,142,24.7,0.238,0.345,67,8,8,85.2,13,7.4
Cabrera, Asdrubal,2019,34,447,514,116,72,25,1,18,103,20,0.26,0.342,91,4,3,88.8,14.1,5.7
Blackmon, Charlie,2019,33,580,634,182,101,42,7,32,104,16.4,0.314,0.364,86,2,9,88.5,14.5,8.3
Frazier, Todd,2019,33,447,499,112,70,19,2,21,106,21.2,0.251,0.329,67,1,12,88.2,17.3,7.3
Cain, Lorenzo,2019,33,562,623,146,105,30,0,11,106,17,0.26,0.324,48,18,6,89.4,6.6,4.1
Turner, Justin,2019,35,479,549,139,88,24,0,27,88,16,0.29,0.372,67,2,14,90.2,17.6,7.8
Votto, Joey,2019,36,525,608,137,89,32,1,15,123,20.2,0.261,0.357,47,5,4,88.8,15,6.9
Gardner, Brett,2019,36,491,550,123,62,26,7,28,108,19.6,0.251,0.325,74,10,4,87.2,13.6,4.1
Braun, Ryan,2019,36,459,508,131,76,31,2,22,105,20.7,0.285,0.341,75,11,8,91.2,7.1,9.8
Gordon, Alex,2019,35,556,633,148,103,31,1,13,100,15.8,0.266,0.344,76,5,19,88.2,9,5.4
Andrus, Elvis,2019,31,600,648,165,122,27,4,12,96,14.8,0.275,0.313,72,31,4,88.2,7.1,3.5
Ramos, Wilson,2019,32,473,524,136,103,19,0,14,69,13.2,0.288,0.351,73,1,4,90,0,4.7
Santana, Carlos,2019,33,573,686,161,96,30,1,34,108,15.7,0.281,0.397,93,4,3,91.8,11.8,9.6
Belt, Brandon,2019,31,526,616,123,71,32,3,17,127,20.6,0.234,0.339,57,4,3,86.4,21.9,8.7
Smoak, Justin,2019,33,414,500,86,48,16,0,22,106,21.2,0.208,0.342,61,0,6,90.3,16.8,11
Brantley, Michael,2019,32,575,637,179,115,40,2,22,66,10.4,0.311,0.372,90,3,7,88.7,10.6,5.8
Gurriel, Yuli,2019,35,564,612,168,95,40,2,31,65,10.6,0.298,0.343,104,5,5,89.3,14.5,3.8
Rojas, Miguel,2019,30,483,526,137,102,29,1,5,62,11.8,0.284,0.331,46,9,5,87.1,8.8,2.6
Escobar, Eduardo,2019,30,636,699,171,97,29,10,35,130,18.6,0.269,0.32,118,5,3,87.8,18.3,7
Davis, Khris,2019,32,481,533,106,72,11,0,23,146,27.4,0.22,0.293,73,0,3,90.1,13.2,10.1
Pham, Tommy,2019,31,567,654,155,99,33,2,21,123,18.8,0.273,0.369,68,25,5,90.8,5.1,7.9
Martinez, J.D.,2019,32,575,657,175,104,33,2,36,138,21,0.304,0.382,105,2,4,91.3,12.5,12
Reddick, Josh,2019,32,501,550,138,102,19,3,14,66,12,0.275,0.316,56,5,0,86,15.6,3.4
Murphy, Daniel,2019,34,438,478,122,73,35,1,13,74,15.5,0.279,0.326,78,1,2,86.3,14.8,2.4
Goldschmidt, Paul,2019,32,597,682,155,95,25,1,34,166,24.3,0.26,0.345,97,3,2,90.1,15.3,11.3
Altuve, Jose,2019,29,500,548,149,88,27,3,31,82,15,0.298,0.352,74,6,3,86.1,8.8,8.1
Hernandez, Cesar,2019,29,612,667,171,123,31,3,14,100,15,0.279,0.333,71,9,6,85.7,9.3,2.7
Segura, Jean,2019,29,576,618,161,108,37,4,12,73,11.8,0.28,0.322,60,10,8,88,7,3.2
Castro, Starlin,2019,29,636,676,172,115,31,4,22,111,16.4,0.27,0.3,86,2,3,88.6,10.9,6.2
Marte, Starling,2019,31,539,586,159,99,31,6,23,94,16,0.295,0.341,82,25,16,87.4,7.4,8.2
Donaldson, Josh,2019,34,549,659,142,72,33,0,37,155,23.5,0.259,0.379,94,4,8,92.9,13.3,15.7
Freeman, Freddie,2019,30,597,692,176,102,34,2,38,127,18.4,0.295,0.389,121,6,6,89.7,14.5,12.5
Grandal, Yasmani,2019,31,513,632,126,70,26,2,28,139,22,0.246,0.38,77,5,5,90.3,13.9,11.3
Heyward, Jason,2019,30,513,589,129,84,20,4,21,110,18.7,0.251,0.343,62,8,5,88.6,11.1,5.9
LeMahieu, DJ,2019,31,602,655,197,136,33,2,26,90,13.7,0.327,0.374,102,5,2,91.7,6.7,7.5
Moustakas, Mike,2019,31,523,584,133,67,30,1,35,98,16.8,0.254,0.329,87,3,6,89.3,17.1,10.3
Rizzo, Anthony,2019,30,512,613,150,91,29,3,27,86,14,0.293,0.405,94,5,27,88.8,12.4,7
Galvis, Freddy,2019,30,557,589,145,93,28,1,23,145,24.6,0.26,0.295,70,4,1,88.2,14.2,5.5
Garcia, Avisail,2019,28,489,530,138,91,25,2,20,125,23.6,0.282,0.332,72,10,7,89.5,9.8,11.7
Ozuna, Marcell,2019,29,485,549,117,64,23,1,29,114,20.8,0.241,0.328,89,12,1,91.8,13.5,12.6
Villar, Jonathan,2019,28,642,714,176,114,33,5,24,176,24.6,0.274,0.338,73,40,4,87.7,7,6.8
Santana, Danny,2019,29,474,511,134,77,23,6,28,151,29.5,0.283,0.323,81,21,6,91.4,13.5,9.5
Crawford, Brandon,2019,32,500,560,114,77,24,2,11,117,20.9,0.228,0.304,59,3,3,87.5,8.4,5.4
Cron, C.J.,2019,29,458,499,116,67,24,0,25,107,21.4,0.253,0.311,78,0,10,91,12.7,15
Grossman, Robbie,2019,30,420,482,101,71,21,3,6,86,17.8,0.24,0.334,38,9,1,87.7,12.1,2.4
Hosmer, Eric,2019,30,619,667,164,111,29,2,22,163,24.4,0.265,0.31,99,0,3,90.5,2.1,7.2
Kipnis, Jason,2019,32,458,511,112,71,23,1,17,88,17.2,0.245,0.301,65,7,2,86.7,13.1,5.5
McCann, James,2019,29,439,476,120,75,26,1,18,137,28.8,0.273,0.328,60,4,6,89.9,10.7,9.2
Rendon, Anthony,2019,29,545,646,174,93,44,3,34,86,13.3,0.319,0.412,126,5,12,90.4,19.5,12
Semien, Marcus,2019,29,657,747,187,104,43,7,33,102,13.7,0.285,0.369,92,10,2,88.8,14.7,8.5
Springer, George,2019,30,479,556,140,78,20,3,39,113,20.3,0.292,0.383,96,6,6,89.8,10.3,14.3
Vazquez, Christian,2019,29,482,521,133,83,26,1,23,101,19.4,0.276,0.319,72,4,0,88.7,12.9,6.2
Wong, Kolten,2019,29,478,549,136,96,25,4,11,83,15.1,0.285,0.357,59,24,13,83.6,10.6,2.5
Garcia, Leury,2019,28,577,618,161,123,27,3,8,139,22.5,0.279,0.304,40,15,6,86.6,4.8,3.8
Grichuk, Randal,2019,28,586,628,136,71,29,5,31,163,26,0.232,0.28,80,2,5,89.3,16.2,8.5
Trout, Mike,2019,28,470,600,137,63,27,2,45,120,20,0.291,0.438,104,11,16,90.7,22.2,18.6
Harper, Bryce,2019,27,573,682,149,77,36,1,35,178,26.1,0.26,0.372,114,15,6,91.3,13.1,14.8
Abreu, Jose,2019,32,634,693,180,108,38,1,33,152,21.9,0.284,0.33,123,2,13,92.1,10.9,12.8
Narvaez, Omar,2019,27,428,482,119,85,12,0,22,92,19.1,0.278,0.353,55,0,4,85.4,17.8,5.3
Suarez, Eugenio,2019,28,575,662,156,83,22,2,49,189,28.5,0.271,0.358,103,3,11,89.4,17.8,14
Santana, Domingo,2019,27,451,507,114,72,20,1,21,164,32.3,0.253,0.327,69,8,2,89,11.7,12.5
Urshela, Gio,2019,28,442,476,139,84,34,0,21,87,18.3,0.314,0.355,74,1,5,90.5,13.6,7
Sanchez, Yolmer,2019,27,496,555,125,99,20,4,2,117,21.1,0.252,0.314,43,5,5,85.6,12.8,1
Arenado, Nolan,2019,28,588,662,185,111,31,2,41,93,14,0.315,0.379,118,3,4,89.4,17.7,8
Muncy, Max,2019,29,487,589,122,64,22,1,35,149,25.3,0.251,0.374,98,4,8,89.7,14.2,12.3
Myers, Wil,2019,29,435,490,104,63,22,1,18,168,34.3,0.239,0.32,53,16,2,88.9,11.1,11.2
Voit, Luke,2019,28,429,510,113,70,21,1,21,142,27.8,0.263,0.378,62,0,9,89.7,12.8,13.2
Walker, Christian,2019,28,529,603,137,81,26,1,29,155,25.7,0.259,0.348,73,8,6,91.1,14.8,13.1
Carpenter, Matt,2019,34,416,492,94,57,20,2,15,129,26.2,0.226,0.333,46,6,7,87.2,18.1,7.8
Dozier, Brian,2019,32,416,482,99,59,20,0,20,105,21.8,0.238,0.34,50,3,4,88.3,19,6.7
Iglesias, Jose,2019,29,504,530,145,110,21,3,11,70,13.2,0.288,0.317,59,6,3,84,7,2.5
Bryant, Kris,2019,27,543,634,153,86,35,1,31,145,22.9,0.282,0.382,77,4,15,87.4,19.3,9.3
Canha, Mark,2019,30,410,497,112,67,16,3,26,107,21.5,0.273,0.396,58,3,18,89.1,15,9.5
Castellanos, Nicholas,2019,27,615,664,178,90,58,3,27,143,21.5,0.289,0.337,73,2,5,89,13.9,11.2
Machado, Manny,2019,27,587,661,150,95,21,2,32,128,19.4,0.256,0.334,85,5,6,91.2,13,8
Moran, Colin,2019,27,466,503,129,85,30,1,13,117,23.3,0.277,0.322,80,0,3,88.2,12.3,7.4
Pederson, Joc,2019,27,450,514,112,57,16,3,36,111,21.6,0.249,0.339,74,1,12,90.9,15.3,10.3
Realmuto, J.T.,2019,28,538,593,148,84,36,3,25,123,20.7,0.275,0.327,83,9,5,90.3,14.4,8.7
Renfroe, Hunter,2019,27,440,494,95,42,19,1,33,154,31.2,0.216,0.289,64,5,2,89.9,19.1,12
Rosario, Eddie,2019,28,562,590,155,94,28,1,32,86,14.6,0.276,0.3,109,3,0,89.1,16.7,8.5
Yelich, Christian,2019,28,489,580,161,85,29,3,44,118,20.3,0.329,0.429,97,30,8,93.1,11.2,15.8
Merrifield, Whit,2019,30,681,735,206,139,41,10,16,126,17.1,0.302,0.348,74,20,5,86.4,15.3,4.3
Bogaerts, Xander,2019,27,614,698,190,105,52,0,33,122,17.5,0.309,0.384,117,4,2,90.6,13.1,8.6
Alberto, Hanser,2019,27,524,550,160,125,21,2,12,50,9.1,0.305,0.327,51,4,4,82.8,10.7,2.9
Polanco, Jorge,2019,26,631,704,186,117,40,7,22,116,16.5,0.295,0.355,79,4,4,87,17.9,6.7
Calhoun, Kole,2019,32,552,632,128,65,29,1,33,162,25.6,0.232,0.324,74,4,7,89.3,14.7,11.2
Eaton, Adam,2019,31,566,656,158,111,25,7,15,106,16.2,0.279,0.36,49,15,13,86.6,13.2,3.8
Kiermaier, Kevin,2019,29,447,480,102,61,20,7,14,104,21.7,0.228,0.277,55,19,5,88.9,6.7,5.5
Profar, Jurickson,2019,26,459,518,100,54,24,2,20,75,14.5,0.218,0.301,67,9,8,86.7,14.2,6.2
Baez, Javier,2019,27,531,561,149,78,38,4,29,156,27.8,0.281,0.316,85,11,0,91,7.6,12.7
Lindor, Francisco,2019,26,598,654,170,96,40,2,32,98,15,0.284,0.335,74,22,3,90.6,11.9,7.5
Odor, Rougned,2019,25,522,581,107,46,30,1,30,178,30.6,0.205,0.282,93,11,5,89.4,16.2,13.6
Story, Trevor,2019,27,588,656,173,95,38,5,35,174,26.5,0.294,0.363,85,23,7,90.9,17.3,8.6
Vogelbach, Daniel,2019,27,462,558,96,49,17,0,30,149,26.7,0.208,0.341,76,0,2,88.9,17.2,10.8
Kepler, Max,2019,26,524,596,132,64,32,0,36,99,16.6,0.252,0.336,90,1,8,89.7,18.2,8.9
Choi, Ji-Man,2019,28,410,487,107,66,20,2,19,108,22.2,0.261,0.363,63,2,6,91.1,12.6,11.3
Bradley Jr., Jackie,2019,29,494,567,111,59,28,3,21,155,27.3,0.225,0.316,62,8,12,89.7,8.7,9.9
Nunez, Renato,2019,25,541,599,132,77,24,0,31,143,23.9,0.244,0.311,90,1,10,89.9,20,10.7
Ahmed, Nick,2019,29,556,625,141,83,33,6,19,113,18.1,0.254,0.315,82,8,4,87.5,7.5,6.6
Anderson, Brian,2019,26,459,520,120,66,33,1,20,114,21.9,0.261,0.342,66,5,14,89.9,11.1,8.9
Bell, Josh,2019,27,527,613,146,69,37,3,37,118,19.2,0.277,0.367,116,0,5,92.3,13,12.7
Betts, Mookie,2019,27,597,706,176,102,40,5,29,101,14.3,0.295,0.391,80,16,3,91,19.1,10.3
Panik, Joe,2019,29,438,491,107,79,21,2,5,47,9.6,0.244,0.314,39,4,4,86.3,12.3,2
Smith, Mallex,2019,26,510,566,116,82,19,9,6,141,24.9,0.227,0.299,37,46,11,84.3,7.2,2.2
Arcia, Orlando,2019,25,494,546,110,78,16,1,15,109,20,0.223,0.282,59,8,1,87.5,6.3,4.6
Marte, Ketel,2019,26,569,628,187,110,36,9,32,86,13.7,0.329,0.389,92,10,4,89.8,11.5,9.3
Turner, Trea,2019,26,521,569,155,94,37,5,19,113,19.9,0.298,0.353,57,35,3,90.3,9.7,6.8
Pillar, Kevin,2019,30,611,645,158,97,37,3,21,89,13.8,0.259,0.287,88,14,9,86,13.9,4.9
Ramirez, Jose,2019,27,482,542,123,64,33,3,23,74,13.7,0.255,0.327,83,24,2,89.1,19.8,6.3
Bregman, Alex,2019,25,554,690,164,84,37,2,41,83,12,0.296,0.423,112,5,9,89.3,19.6,5.4
Seager, Corey,2019,25,489,541,133,69,44,1,19,98,18.1,0.272,0.335,87,1,4,88.8,14.1,7.3
Reyes, Franmil,2019,24,494,548,123,67,19,0,37,156,28.5,0.249,0.31,81,0,0,93.3,9.5,14.8
Swanson, Dansby,2019,25,483,545,121,75,26,3,17,124,22.8,0.251,0.325,65,10,5,89.8,14.2,10.1
Newman, Kevin,2019,26,493,531,152,114,20,6,12,62,11.7,0.308,0.352,64,16,7,84.7,8.1,2.1
Olson, Matt,2019,25,483,547,129,67,26,0,36,138,25.2,0.267,0.351,91,0,12,91.9,18.3,14.5
Alonso, Pete,2019,25,597,693,155,70,30,2,53,183,26.4,0.26,0.358,120,1,21,90.6,14.8,15.8
Conforto, Michael,2019,26,549,648,141,78,29,1,33,149,23,0.257,0.363,92,7,10,88.8,15.7,11.9
Frazier, Adam,2019,28,554,608,154,104,33,7,10,75,12.3,0.278,0.334,50,5,9,86.3,12.1,1.9
Puig, Yasiel,2019,29,555,611,148,92,30,2,24,133,21.8,0.267,0.327,84,19,8,89.9,14.2,9.6
Soler, Jorge,2019,27,589,679,156,74,33,1,48,178,26.2,0.265,0.352,117,3,10,92.6,15.4,16.9
Meadows, Austin,2019,24,530,591,154,85,29,7,33,131,22.2,0.291,0.364,89,12,7,90.4,16.7,12.5
Mercado, Oscar,2019,25,438,482,118,75,25,3,15,84,17.4,0.269,0.313,54,15,5,86.5,13.4,4.1
Anderson, Tim,2019,26,498,518,167,117,32,0,18,109,21,0.335,0.357,56,17,3,88.3,8.7,5.1
Bellinger, Cody,2019,24,558,661,170,86,34,3,47,108,16.3,0.305,0.405,115,15,3,90.7,17.6,13
Dozier, Hunter,2019,28,523,586,146,81,29,10,26,148,25.3,0.279,0.348,84,2,3,91.1,16.7,10
Mancini, Trey,2019,27,602,679,175,100,38,2,35,143,21.1,0.291,0.364,97,1,9,90.3,7.8,10.3
McMahon, Ryan,2019,25,480,539,120,73,22,1,24,160,29.7,0.25,0.328,83,5,1,91.4,8.4,9
Rosario, Amed,2019,24,616,655,177,125,30,7,15,124,18.9,0.287,0.322,72,19,3,89.2,8.8,4.2
Adames, Willy,2019,24,531,584,135,89,25,1,20,153,26.2,0.254,0.315,52,4,3,87.8,10,8.4
Benintendi, Andrew,2019,25,541,615,144,86,40,5,13,140,22.8,0.266,0.341,68,10,7,88.6,17.3,8.1
McNeil, Jeff,2019,27,510,567,162,100,38,1,23,75,13.2,0.318,0.384,75,5,21,88.4,13.2,4.8
Albies, Ozzie,2019,22,640,702,189,114,43,8,24,112,16,0.295,0.352,86,15,4,88.8,15.6,6.6
Robles, Victor,2019,22,546,617,139,86,33,3,17,140,22.7,0.255,0.323,65,28,25,81,14.5,4.8
Devers, Rafael,2019,23,647,702,201,111,54,4,32,119,17,0.311,0.36,115,8,4,92.1,10.3,9
Jimenez, Eloy,2019,23,468,504,125,74,18,2,31,134,26.6,0.267,0.315,79,0,4,91.2,9.3,12.8
Torres, Gleyber,2019,23,546,604,152,88,26,0,38,129,21.4,0.278,0.336,90,5,3,89,17.4,10.1
Chapman, Matt,2019,26,583,670,145,70,36,3,36,147,21.9,0.249,0.342,91,1,11,92.6,16.3,12.3
Hoskins, Rhys,2019,26,570,705,129,62,33,5,29,173,24.5,0.226,0.363,85,2,11,89.7,24,9.7
Schwarber, Kyle,2019,26,529,610,132,62,29,3,38,156,25.6,0.25,0.339,92,2,5,92.7,15,14.5
DeJong, Paul,2019,26,583,664,136,74,31,1,30,149,22.4,0.233,0.318,78,9,13,87,18.5,8.6
Laureano, Ramon,2019,25,434,481,125,72,29,0,24,123,25.6,0.288,0.339,67,13,11,89.5,14.8,9.7
Moncada, Yoan,2019,24,511,559,161,97,34,5,25,154,27.5,0.315,0.367,79,10,4,92.8,12,12.2
Acuna Jr., Ronald,2019,22,626,715,175,110,22,2,41,188,26.3,0.28,0.364,101,37,9,90.6,14.2,15
Fletcher, David,2019,25,596,653,173,133,30,4,6,64,9.8,0.29,0.349,49,8,0,83.7,9.8,0.4
Kingery, Scott,2019,25,458,500,118,61,34,4,19,147,29.4,0.258,0.314,55,15,5,88.2,17.5,8
Guerrero Jr., Vladimir,2019,20,464,514,126,83,26,2,15,91,17.7,0.272,0.339,69,0,2,89.4,6.7,7.7
Soto, Juan,2019,21,542,659,153,82,32,5,34,132,20,0.282,0.401,110,12,3,91.3,12,12.3
Reynolds, Bryan,2019,24,491,546,154,97,37,4,16,121,22.2,0.314,0.377,68,3,6,89.6,9.4,6.7
Hunter, Torii,2015,40,521,567,125,81,22,0,22,105,18.5,0.24,0.293,81,2,6,88.1,10.1,5
Ortiz, David,2015,40,528,614,144,70,37,0,37,95,15.5,0.273,0.36,108,0,0,92.9,15.6,13.1
Rodriguez, Alex,2015,40,523,620,131,75,22,1,33,145,23.4,0.25,0.356,86,4,6,91.3,12.1,10.9
Ramirez, Aramis,2015,37,475,516,117,68,31,1,17,68,13.2,0.246,0.297,75,1,5,87.4,15.8,5.6
Beltre, Adrian,2015,36,567,619,163,109,32,4,18,65,10.5,0.287,0.334,83,1,3,89.5,12.8,5.5
Beltran, Carlos,2015,38,478,531,132,78,34,1,19,85,16,0.276,0.337,67,0,2,90.6,15.4,5.8
Rollins, Jimmy,2015,37,517,563,116,76,24,3,13,86,15.3,0.224,0.284,41,12,0,84.5,14.8,2.5
Pujols, Albert,2015,35,602,661,147,85,22,0,40,72,10.9,0.244,0.307,95,5,6,90.6,13.8,7.9
Byrd, Marlon,2015,38,506,544,125,72,25,5,23,145,26.7,0.247,0.29,73,2,4,86.4,11.8,8.5
Mauer, Joe,2015,32,592,666,157,111,34,2,10,112,16.8,0.265,0.338,66,2,1,89,3.7,3.7
Cabrera, Miguel,2015,32,429,511,145,98,28,1,18,82,16,0.338,0.44,76,1,3,93.6,12.3,10.6
Gonzalez, Adrian,2015,33,571,643,157,96,33,0,28,107,16.6,0.275,0.35,90,0,6,88.6,14,8.1
Phillips, Brandon,2015,34,588,623,173,140,19,2,12,68,10.9,0.294,0.327,70,23,4,86,10.2,2.3
Reyes, Jose,2015,32,481,519,132,98,25,2,7,62,11.9,0.274,0.304,53,24,0,83.1,11.5,0.2
Peralta, Jhonny,2015,33,579,640,159,115,26,1,17,111,17.3,0.275,0.334,71,1,5,88.1,12.9,5.1
Choo, Shin-Soo,2015,33,555,653,153,96,32,3,22,147,22.5,0.276,0.374,82,4,15,90.4,7.3,8.7
Molina, Yadier,2015,33,488,530,132,103,23,2,4,59,11.1,0.27,0.309,61,3,0,86.3,10,2.3
Fielder, Prince,2015,31,613,693,187,136,28,0,23,88,12.7,0.305,0.378,98,0,11,90.8,9.8,6.4
Cano, Robinson,2015,33,624,674,179,123,34,1,21,107,15.9,0.287,0.334,79,2,3,91,5.6,7.1
Encarnacion, Edwin,2015,32,528,624,146,76,31,0,39,98,15.7,0.277,0.372,111,3,9,90.2,16.8,10.7
Howard, Ryan,2015,36,467,503,107,54,29,1,23,138,27.4,0.229,0.276,77,0,5,91.2,14.6,11.7
Bautista, Jose,2015,35,543,666,136,64,29,3,40,106,15.9,0.25,0.377,114,8,5,92,16.7,12.6
Jones, Adam,2015,30,546,581,147,92,25,3,27,102,17.6,0.269,0.308,82,3,8,87.9,11.2,9.2
Aybar, Erick,2015,31,597,638,161,127,30,1,3,73,11.4,0.27,0.298,44,15,4,83.1,4.1,0.9
Martin, Russell,2015,32,441,507,106,58,23,2,23,106,20.9,0.24,0.329,77,4,8,88.7,9,8.2
Granderson, Curtis,2015,34,580,682,150,89,33,2,26,151,22.1,0.259,0.364,70,11,7,89.3,18.1,8.3
Pagan, Angel,2015,34,512,551,134,107,21,3,3,93,16.9,0.262,0.303,37,12,1,86.3,11.1,0.9
Morales, Kendrys,2015,32,569,639,165,100,41,2,22,103,16.1,0.29,0.362,106,0,8,91.8,10.1,8.9
Kinsler, Ian,2015,33,624,675,185,132,35,7,11,80,11.9,0.296,0.342,73,10,3,85.6,17.4,2.9
McCann, Brian,2015,31,465,535,108,66,15,1,26,97,18.1,0.232,0.32,94,0,11,89,17.1,5.6
Walker, Neil,2015,30,543,603,146,95,32,3,16,110,18.2,0.269,0.328,71,4,8,88.7,13.8,4.8
Desmond, Ian,2015,30,583,641,136,88,27,2,19,187,29.2,0.233,0.287,62,13,3,89.6,5.1,7.1
Cruz, Nelson,2015,35,590,655,178,111,22,1,44,164,25,0.302,0.369,93,3,5,92.4,9.6,14.1
Trumbo, Mark,2015,29,508,545,133,85,23,3,22,132,24.2,0.262,0.31,64,0,0,91.9,13,9.8
Peralta, David,2015,28,462,517,144,91,26,10,17,107,20.7,0.312,0.371,78,9,4,91.3,5.9,7.7
Escobar, Alcides,2015,29,612,662,157,129,20,5,3,75,11.3,0.257,0.289,47,17,8,83.5,8.3,0.9
Prado, Martin,2015,32,500,551,144,111,22,2,9,68,12.3,0.288,0.338,63,1,5,88.9,8.8,2.3
Duda, Lucas,2015,29,471,554,115,55,33,0,27,138,24.9,0.244,0.352,73,0,14,91.7,19.7,11.6
Longoria, Evan,2015,30,604,670,163,106,35,1,21,132,19.7,0.27,0.328,73,3,6,89.6,15.4,8.5
Davis, Chris,2015,29,573,670,150,72,31,0,47,208,31,0.262,0.361,117,2,8,91.8,17.3,17.6
Zobrist, Ben,2015,34,467,535,129,77,36,3,13,56,10.5,0.276,0.359,56,3,1,88.5,8.2,3.8
Fowler, Dexter,2015,29,596,690,149,95,29,8,17,154,22.3,0.25,0.345,46,20,5,86.4,11.8,4.7
Headley, Chase,2015,31,580,642,150,109,29,1,11,135,21,0.259,0.324,62,0,7,86.6,11.8,5.1
Lind, Adam,2015,32,502,572,139,87,32,0,20,100,17.5,0.277,0.36,87,0,1,89.5,11,7.2
Cabrera, Asdrubal,2015,30,505,551,134,86,28,5,15,107,19.4,0.265,0.314,58,6,3,87.3,16.2,5.4
Tulowitzki, Troy,2015,31,486,534,136,92,27,0,17,114,21.3,0.28,0.337,70,1,6,89.8,12.6,5.3
Blackmon, Charlie,2015,29,614,682,176,119,31,9,17,112,16.4,0.287,0.345,58,43,13,85.5,13.5,3.9
Frazier, Todd,2015,29,619,678,158,79,43,1,35,137,20.2,0.255,0.308,89,13,7,89.2,18.4,9.2
Markakis, Nick,2015,32,612,686,181,139,38,1,3,83,12.1,0.296,0.37,53,2,3,88.3,6.8,0.8
Butler, Billy,2015,29,538,601,135,91,28,1,15,101,16.8,0.251,0.323,65,0,7,89.3,8.9,7.5
Cain, Lorenzo,2015,29,551,604,169,113,34,6,16,98,16.2,0.307,0.361,72,28,12,90,9.5,5.5
McCutchen, Andrew,2015,29,566,685,165,103,36,3,23,133,19.4,0.292,0.401,96,11,12,90.7,13.9,9.3
Jackson, Austin,2015,28,491,527,131,94,25,3,9,126,23.9,0.267,0.309,48,17,3,88.7,6.8,3.8
Upton, Justin,2015,28,542,620,136,81,26,3,26,159,25.6,0.251,0.335,81,19,4,90,16.1,10.8
Maybin, Cameron,2015,28,505,555,135,105,18,2,10,102,18.4,0.267,0.326,59,23,1,87.7,1.9,2.7
Posey, Buster,2015,28,557,623,177,130,28,0,19,52,8.3,0.318,0.379,95,2,3,89,10.9,6.3
Bruce, Jay,2015,28,580,649,131,66,35,4,26,145,22.3,0.226,0.294,87,9,2,89.6,15,8.6
Votto, Joey,2015,32,545,695,171,107,33,2,29,135,19.4,0.314,0.459,80,11,5,89.6,10.7,10.9
Coghlan, Chris,2015,30,440,503,110,63,25,6,16,94,18.7,0.25,0.34,41,11,3,87.9,10.4,5.7
Gardner, Brett,2015,32,571,656,148,103,26,3,16,135,20.6,0.259,0.338,66,20,6,86.8,8.9,4.5
Braun, Ryan,2015,32,506,568,144,89,27,3,25,115,20.2,0.285,0.356,84,24,4,92.1,7.5,10.7
Moss, Brandon,2015,32,469,526,106,61,24,2,19,148,28.1,0.226,0.304,58,0,5,89,19.4,12
Kemp, Matt,2015,31,596,648,158,101,31,3,23,147,22.7,0.265,0.312,100,12,5,89.5,11.8,8.3
Plouffe, Trevor,2015,29,573,632,140,79,35,4,22,124,19.6,0.244,0.307,86,2,4,89.4,13.1,7.9
Andrus, Elvis,2015,27,596,661,154,111,34,2,7,78,11.8,0.258,0.306,62,25,2,85.3,8.1,1.5
Cervelli, Francisco,2015,29,451,510,133,104,17,5,7,94,18.4,0.295,0.367,43,1,8,87.5,6.1,4.1
Cabrera, Melky,2015,31,629,683,172,122,36,2,12,88,12.9,0.273,0.313,77,3,2,89.4,9.5,2.4
Sandoval, Pablo,2015,29,470,505,115,79,25,1,10,73,14.5,0.245,0.291,47,0,7,88,9.5,4.8
Ramos, Wilson,2015,28,475,504,109,78,16,0,15,101,20,0.229,0.258,68,0,0,90.5,4.5,6.5
Santana, Carlos,2015,29,550,666,127,77,29,2,19,122,18.3,0.231,0.357,85,11,3,89,12.3,7.2
Parra, Gerardo,2015,28,547,589,159,104,36,5,14,92,15.6,0.291,0.326,51,14,5,86.9,8.2,3.2
Gonzalez, Carlos,2015,30,554,608,150,83,25,2,40,133,21.9,0.271,0.324,97,2,1,89.8,8.2,11
Belt, Brandon,2015,27,492,556,138,82,33,5,18,147,26.4,0.28,0.356,68,9,4,89.5,15.3,10
Brantley, Michael,2015,28,529,596,164,104,45,0,15,51,8.6,0.31,0.379,84,15,2,88.7,8.8,3.9
Escobar, Yunel,2015,33,535,591,168,133,25,1,9,70,11.8,0.314,0.374,56,2,8,89.5,3.9,3.4
Morrison, Logan,2015,28,457,511,103,68,15,3,17,81,15.9,0.225,0.301,54,8,4,89.1,10.6,6.9
Cespedes, Yoenis,2015,30,633,676,184,101,42,6,35,141,20.9,0.291,0.328,105,7,5,92,12.2,11.3
Ramirez, Alexei,2015,34,583,622,145,102,33,0,10,68,10.9,0.249,0.285,62,17,1,84.6,8.4,1.5
Solarte, Yangervis,2015,28,526,571,142,91,33,4,14,56,9.8,0.27,0.319,63,1,6,87.7,11.4,2.1
Martinez, J.D.,2015,28,596,657,168,95,33,2,38,178,27.1,0.282,0.344,102,3,5,91.2,16,17.6
Reddick, Josh,2015,28,526,582,143,94,25,4,20,65,11.2,0.272,0.33,77,10,0,88.4,14.7,5
Murphy, Daniel,2015,30,499,538,140,86,38,2,14,38,7.1,0.281,0.322,73,2,2,90,12.2,5.1
Goldschmidt, Paul,2015,28,567,695,182,109,38,2,33,151,21.7,0.321,0.435,110,21,2,92,13,12.5
Altuve, Jose,2015,25,638,689,200,141,40,4,15,67,9.7,0.313,0.351,66,38,9,85.8,10.5,3.1
Segura, Jean,2015,25,560,584,144,117,16,5,6,93,15.9,0.257,0.279,50,25,6,86.5,4,1.3
Castro, Starlin,2015,25,547,578,145,109,23,2,11,91,15.7,0.265,0.296,69,5,5,86.2,6.9,4.3
Marte, Starling,2015,27,579,633,166,115,30,2,19,123,19.4,0.287,0.335,81,30,19,86.4,4.7,6.9
Donaldson, Josh,2015,30,620,711,184,100,41,2,41,133,18.7,0.297,0.37,123,6,6,92.1,10,12.2
Heyward, Jason,2015,26,547,610,160,110,33,4,13,90,14.8,0.293,0.357,60,23,2,89.2,4.6,2.8
LeMahieu, DJ,2015,27,564,620,170,138,21,5,6,107,17.3,0.301,0.356,61,23,1,90,2.8,2.2
Moreland, Mitch,2015,30,471,515,131,81,27,0,23,112,21.7,0.278,0.33,85,1,7,91.4,11.5,10.7
Moustakas, Mike,2015,27,549,614,156,99,34,1,22,76,12.4,0.284,0.345,82,1,13,88.6,14.2,6.6
Norris, Derek,2015,26,515,557,129,80,33,2,14,131,23.5,0.25,0.305,62,4,6,87.1,14.1,2.3
Revere, Ben,2015,27,592,634,181,150,22,7,2,64,10.1,0.306,0.339,45,31,2,82.1,3.9,0
Rizzo, Anthony,2015,26,586,701,163,91,38,3,31,105,15,0.278,0.387,101,17,30,88.4,17.3,8
Vogt, Stephen,2015,31,445,511,116,74,21,3,18,97,19,0.261,0.341,71,0,2,86.9,16.1,5.6
Galvis, Freddy,2015,26,559,603,147,121,14,5,7,103,17.1,0.263,0.299,50,10,3,84.2,11.4,2.4
Perez, Salvador,2015,25,531,553,138,92,25,0,21,82,14.8,0.26,0.28,70,1,4,87.3,13.4,5.3
Forsythe, Logan,2015,28,540,615,152,100,33,2,17,111,18,0.281,0.359,68,9,14,88.2,15.1,3.4
Flores, Wilmer,2015,24,483,510,127,89,22,0,16,63,12.4,0.263,0.294,59,0,4,86.3,13.8,2.1
Garcia, Avisail,2015,24,553,601,142,110,17,2,13,141,23.5,0.257,0.309,59,7,8,88.5,6.3,4.8
Inciarte, Ender,2015,25,524,561,159,121,27,5,6,58,10.3,0.303,0.337,45,21,4,84.2,5.5,1.1
Burns, Billy,2015,26,520,555,153,121,18,9,5,81,14.6,0.294,0.333,42,26,6,82.2,7,0.5
Crawford, Brandon,2015,28,507,561,130,72,33,4,21,119,21.2,0.256,0.321,84,6,11,89.7,8.2,8.9
Giavotella, Johnny,2015,28,453,502,123,89,25,5,4,59,11.8,0.272,0.313,49,2,2,84.6,8.8,1
Gose, Anthony,2015,25,485,535,123,86,24,8,5,145,27.1,0.254,0.32,26,23,3,85.8,4.9,2.3
Hosmer, Eric,2015,26,599,667,178,122,33,5,18,108,16.2,0.297,0.363,93,7,3,89,5.5,7.3
Kipnis, Jason,2015,28,565,641,171,112,43,7,9,107,16.7,0.303,0.37,52,12,9,88.7,8.2,3
Lawrie, Brett,2015,25,562,602,146,98,29,3,16,144,23.9,0.26,0.297,60,5,5,89.6,7.1,4.7
Semien, Marcus,2015,25,556,601,143,98,23,7,15,132,22,0.257,0.309,45,11,1,87,13.4,4.5
Gordon, Dee,2015,27,615,653,205,169,24,8,4,91,13.9,0.333,0.355,46,58,2,81.5,-0.7,1.1
Wong, Kolten,2015,25,557,613,146,103,28,4,11,95,15.5,0.262,0.321,61,15,15,87.1,11.3,3.2
Gregorius, Didi,2015,25,525,578,139,104,24,2,9,85,14.7,0.265,0.317,56,5,11,84.8,10.4,1.6
Trout, Mike,2015,24,575,682,172,93,32,6,41,158,23.2,0.299,0.402,90,11,10,92.9,14,16.4
Herrera, Odubel,2015,24,495,537,147,106,30,3,8,129,24,0.297,0.341,41,16,8,87,5.9,3.2
Harper, Bryce,2015,23,521,654,172,91,38,1,42,131,20,0.33,0.46,99,6,5,91.2,14.5,13.2
Abreu, Jose,2015,28,613,668,178,111,34,3,30,140,21,0.29,0.347,101,0,15,90.9,10.1,9.7
Polanco, Gregory,2015,24,593,652,152,102,35,6,9,121,18.6,0.256,0.319,52,27,1,89,9.8,4.4
Arenado, Nolan,2015,24,616,665,177,88,43,4,42,110,16.5,0.287,0.323,130,2,4,90.6,16.3,8.7
Holt, Brock,2015,27,454,509,127,92,27,6,2,97,19.1,0.28,0.346,45,8,3,85.9,7.2,0.6
Owings, Chris,2015,24,515,552,117,81,27,5,4,144,26.1,0.227,0.261,43,16,1,84.9,11.8,2.6
Pollock, A.J.,2015,28,609,673,192,127,39,6,20,89,13.2,0.315,0.367,76,39,2,88.5,8.4,5.9
Seager, Kyle,2015,28,623,686,166,103,37,0,26,98,14.3,0.266,0.328,74,6,5,88.9,16.4,7
Taylor, Michael A.,2015,24,472,511,108,77,15,2,14,158,30.9,0.229,0.282,63,16,1,86.3,7.6,6.3
Carpenter, Matt,2015,30,574,665,156,81,44,3,28,151,22.7,0.272,0.365,84,4,6,88.6,17,9.4
Dozier, Brian,2015,28,628,704,148,77,39,4,28,148,21,0.236,0.307,77,12,7,86.9,18.7,5.9
Bryant, Kris,2015,23,559,650,154,92,31,5,26,199,30.6,0.275,0.369,99,13,9,89.6,19.4,11.5
Castellanos, Nicholas,2015,23,549,595,140,86,33,6,15,152,25.5,0.255,0.303,73,0,1,88.3,16.9,7.7
Machado, Manny,2015,23,633,713,181,115,30,1,35,111,15.6,0.286,0.358,86,20,4,90.3,12.1,7.6
Pederson, Joc,2015,23,480,585,101,55,19,1,26,170,29.1,0.21,0.345,54,4,9,90.5,13.5,11.8
Simmons, Andrelton,2015,26,535,583,142,113,23,2,4,48,8.2,0.265,0.321,44,5,6,85.8,2.9,1
Yelich, Christian,2015,24,476,525,143,104,30,2,7,101,19.2,0.3,0.366,44,16,2,91.4,0,4.8
Bogaerts, Xander,2015,23,613,654,196,151,35,3,7,101,15.4,0.32,0.353,81,10,3,87.6,6.6,2.5
Calhoun, Kole,2015,28,630,686,161,110,23,2,26,164,23.9,0.256,0.308,83,4,5,85.9,11.2,6.8
Eaton, Adam,2015,27,610,689,175,124,28,9,14,131,19,0.287,0.358,56,18,14,86.5,6.4,3.1
Gattis, Evan,2015,29,566,604,139,81,20,11,27,119,19.7,0.246,0.285,88,0,3,88.9,10.3,7.1
Kiermaier, Kevin,2015,25,505,535,133,86,25,12,10,95,17.8,0.263,0.297,40,18,2,86.7,8.3,2.4
Betts, Mookie,2015,23,597,654,174,106,42,8,18,82,12.5,0.291,0.339,77,21,2,89.9,15,5.9
Peterson, Jace,2015,25,528,597,126,92,23,5,6,120,20.1,0.239,0.31,52,12,3,85.1,7.8,3.3
Pillar, Kevin,2015,26,586,628,163,118,31,2,12,85,13.5,0.278,0.312,56,25,5,84.5,12.2,1.8
Russell, Addison,2015,21,475,523,115,72,29,1,13,149,28.5,0.242,0.306,54,4,3,85.9,14.2,5.2
Duffy, Matt,2015,24,573,612,169,123,28,6,12,96,15.7,0.295,0.333,77,12,5,87.9,7.1,4.2
Ortiz, David,2016,41,537,626,169,82,48,1,38,86,13.7,0.315,0.401,127,2,2,92.9,16.7,15.3
Beltre, Adrian,2016,37,583,640,175,111,31,1,32,66,10.3,0.3,0.358,104,1,6,90.1,14.4,8.5
Beltran, Carlos,2016,39,552,593,163,101,33,0,29,101,17,0.295,0.337,93,1,2,90,12.7,6.8
Werth, Jayson,2016,37,525,606,128,79,28,0,21,139,22.9,0.244,0.335,69,5,4,91.3,14.9,7.7
Martinez, Victor,2016,38,553,610,160,111,22,0,27,90,14.8,0.289,0.351,86,0,4,90,15.7,8.4
Utley, Chase,2016,38,512,565,129,86,26,3,14,115,20.4,0.252,0.319,52,2,11,87.2,11.7,4.3
Pujols, Albert,2016,36,593,650,159,109,19,0,31,75,11.5,0.268,0.323,119,4,2,91.5,12,9.5
Mauer, Joe,2016,33,494,576,129,92,22,4,11,93,16.1,0.261,0.363,49,2,1,89.7,3.8,5.7
Cabrera, Miguel,2016,33,595,679,188,118,31,1,38,116,17.1,0.316,0.393,108,0,4,93.6,12.3,15.9
Gonzalez, Adrian,2016,34,568,633,162,113,31,0,18,117,18.5,0.285,0.349,90,0,4,88,9.4,4.6
Phillips, Brandon,2016,35,550,584,160,114,34,1,11,68,11.6,0.291,0.318,64,14,8,86.1,9.6,2.7
Upton, B.J.,2016,32,492,539,117,79,15,3,20,155,28.8,0.238,0.289,61,27,2,87.9,8.8,6.1
Molina, Yadier,2016,34,534,581,164,117,38,1,8,63,10.8,0.307,0.36,58,3,6,87.6,9.1,3.6
Cano, Robinson,2016,34,655,715,195,121,33,2,39,100,14,0.298,0.35,103,0,8,90.1,11.6,7.7
Encarnacion, Edwin,2016,33,601,702,158,82,34,0,42,138,19.7,0.263,0.356,127,2,5,90.8,15.7,12.3
Bautista, Jose,2016,36,423,517,99,52,24,1,22,103,19.9,0.234,0.366,69,2,3,91.6,14.8,9
Jones, Adam,2016,31,619,672,164,116,19,0,29,115,17.1,0.265,0.31,83,2,5,88.4,14.5,8
Martin, Russell,2016,33,455,535,105,69,16,0,20,148,27.7,0.231,0.335,74,2,10,89,9.7,9.3
Granderson, Curtis,2016,35,545,633,129,70,24,5,30,130,20.5,0.237,0.335,59,4,9,87.6,18.4,7.4
Pagan, Angel,2016,35,495,543,137,96,24,5,12,66,12.2,0.277,0.33,55,15,0,85.6,12.2,3
Ramirez, Hanley,2016,33,549,620,157,98,28,1,30,120,19.4,0.286,0.361,111,9,7,90.4,9.1,10.4
Morales, Kendrys,2016,33,558,618,147,93,24,0,30,120,19.4,0.263,0.327,93,0,7,92.7,11.4,10.8
Kendrick, Howie,2016,33,487,543,124,88,26,2,8,96,17.7,0.255,0.326,40,10,3,90.1,1.6,5.8
Napoli, Mike,2016,35,557,645,133,76,22,1,34,194,30.1,0.239,0.335,101,5,5,89.6,18.6,13.3
Kinsler, Ian,2016,34,618,679,178,117,29,4,28,115,16.9,0.288,0.348,83,14,13,87,18.3,4
Desmond, Ian,2016,31,625,677,178,124,29,3,22,160,23.6,0.285,0.335,86,21,5,90.5,4.7,7.5
Cruz, Nelson,2016,36,589,667,169,98,27,1,43,159,23.8,0.287,0.36,105,2,9,94.4,11.1,16.5
Trumbo, Mark,2016,30,613,667,157,82,27,1,47,170,25.5,0.256,0.316,108,2,3,92.7,14.7,15.8
Escobar, Alcides,2016,30,637,682,166,129,24,6,7,96,14.1,0.261,0.287,55,17,3,82.9,8.3,1.4
Prado, Martin,2016,33,600,658,183,135,37,3,8,69,10.5,0.305,0.359,75,2,4,87.9,8.9,1.3
Longoria, Evan,2016,31,633,685,173,92,41,4,36,144,21,0.273,0.318,98,0,3,90.7,18.3,11.9
Cozart, Zack,2016,31,464,508,117,71,28,2,16,84,16.5,0.252,0.307,50,4,2,86.1,15.2,2.3
Davis, Chris,2016,30,566,665,125,66,21,0,38,219,32.9,0.221,0.332,84,1,8,90.8,16.9,15.1
Zobrist, Ben,2016,35,523,631,142,90,31,3,18,82,13,0.272,0.384,76,6,4,88.2,8.6,4.5
Fowler, Dexter,2016,30,456,551,126,81,25,7,13,124,22.5,0.276,0.392,48,13,11,87.4,12,5.6
Headley, Chase,2016,32,467,529,118,85,18,1,14,118,22.3,0.253,0.331,51,8,6,87.1,11.7,5.9
Span, Denard,2016,32,572,637,152,113,23,5,11,79,12.4,0.266,0.328,53,12,4,84.7,5.4,2.8
Cabrera, Asdrubal,2016,31,521,568,146,92,30,1,23,103,18.1,0.28,0.336,62,5,7,88.2,14.5,5.7
Ellsbury, Jacoby,2016,33,551,626,145,107,24,5,9,84,13.4,0.263,0.321,56,20,2,86.5,10.4,1.7
Tulowitzki, Troy,2016,32,492,544,125,80,21,0,24,101,18.6,0.254,0.318,79,1,5,90,13.9,9.6
Blackmon, Charlie,2016,30,578,641,187,118,35,5,29,102,15.9,0.324,0.379,82,17,13,86.9,14.5,6.8
Frazier, Todd,2016,30,590,666,133,72,21,0,40,163,24.5,0.225,0.302,98,15,4,88.8,20.3,10.1
Markakis, Nick,2016,33,599,684,161,110,38,0,13,101,14.8,0.269,0.346,89,0,5,90.6,10.9,4.9
Pedroia, Dustin,2016,33,633,698,201,149,36,1,15,73,10.5,0.318,0.375,74,7,0,88.5,8.4,2.5
Nunez, Eduardo,2016,29,553,595,159,115,24,4,16,88,14.8,0.288,0.324,67,40,5,88.6,8.1,4.4
McCutchen, Andrew,2016,30,598,675,153,100,26,3,24,143,21.2,0.256,0.336,79,6,5,89.6,16.1,8.5
Upton, Justin,2016,29,570,626,140,79,28,2,31,179,28.6,0.246,0.31,87,9,4,91.3,15.6,12.5
Turner, Justin,2016,32,556,622,153,89,34,3,27,107,17.2,0.275,0.339,90,4,10,90.5,16.8,8.8
Posey, Buster,2016,29,539,614,155,106,33,2,14,68,11.1,0.288,0.362,80,6,3,90.5,9.8,7.1
Espinosa, Danny,2016,29,516,601,108,69,15,0,24,174,29,0.209,0.303,72,9,20,86.4,12,9.1
Bruce, Jay,2016,29,539,589,135,69,27,6,33,126,21.4,0.25,0.309,99,4,3,88.8,14.6,8.7
Votto, Joey,2016,33,556,677,181,116,34,2,29,120,17.7,0.326,0.434,97,8,5,89.6,11.6,9.7
Gardner, Brett,2016,33,547,634,143,108,22,6,7,106,16.7,0.261,0.349,41,16,8,85.4,6.3,2.4
Saunders, Michael,2016,30,490,558,124,65,32,3,24,157,28.1,0.253,0.337,57,1,5,89.6,10.7,8.3
Braun, Ryan,2016,33,511,564,156,100,23,3,30,98,17.4,0.305,0.365,91,16,4,89.9,4.3,8.4
Gordon, Alex,2016,32,445,506,98,63,16,2,17,148,29.2,0.22,0.312,40,8,8,87.8,15.4,8.7
Kemp, Matt,2016,32,623,672,167,93,39,0,35,156,23.2,0.268,0.304,108,1,1,88.2,14.4,11.1
Andrus, Elvis,2016,28,506,568,153,107,31,7,8,70,12.3,0.302,0.359,69,24,4,86.9,8.4,1.8
Cabrera, Melky,2016,32,591,646,175,114,42,5,14,69,10.7,0.296,0.344,86,2,0,89.2,10.9,2.1
Ramos, Wilson,2016,29,482,523,148,101,25,0,22,79,15.1,0.307,0.354,80,0,2,90.7,4.8,7.6
Santana, Carlos,2016,30,582,688,151,83,31,3,34,99,14.4,0.259,0.366,87,5,2,90.7,14.1,9.8
Gonzalez, Carlos,2016,31,584,632,174,105,42,2,25,129,20.4,0.298,0.35,100,2,1,90.1,8.6,8.8
Mercer, Jordy,2016,30,519,584,133,97,22,3,11,83,14.2,0.256,0.324,59,1,5,86.1,10.1,2.2
Belt, Brandon,2016,28,542,655,149,83,41,8,17,148,22.6,0.275,0.394,82,0,5,87.2,21,11.3
Carter, Chris,2016,30,549,644,122,53,27,1,41,206,32,0.222,0.321,94,3,9,91.7,18.5,17.6
Alonso, Yonder,2016,29,482,532,122,81,34,0,7,74,13.9,0.253,0.316,56,3,1,88.1,10.4,4.1
Escobar, Yunel,2016,34,517,567,157,123,28,1,5,67,11.8,0.304,0.353,39,0,3,88.8,1.3,2.8
Cespedes, Yoenis,2016,31,479,543,134,77,25,1,31,108,19.9,0.28,0.354,86,3,7,91.7,16.3,9.8
Ramirez, Alexei,2016,35,478,506,115,85,22,2,6,63,12.5,0.241,0.277,48,8,4,84.3,8.9,0.5
Davis, Khris,2016,29,555,610,137,69,24,2,42,166,27.2,0.247,0.307,102,1,8,91.7,12.9,17
Martinez, J.D.,2016,29,460,517,141,82,35,2,22,128,24.8,0.307,0.373,68,1,3,91.4,13.4,14.2
Valencia, Danny,2016,32,471,517,135,95,22,1,17,115,22.2,0.287,0.346,51,1,3,90,9.9,7.8
Murphy, Daniel,2016,31,531,582,184,107,47,5,25,57,9.8,0.347,0.39,104,5,8,90.6,16.8,8.5
Goldschmidt, Paul,2016,29,579,705,172,112,33,3,24,150,21.3,0.297,0.41,95,32,7,91,11.1,7.8
Gonzalez, Marwin,2016,27,484,518,123,81,26,3,13,118,22.8,0.254,0.29,51,12,5,86.2,6.5,5.4
Altuve, Jose,2016,26,640,717,216,145,42,5,24,70,9.8,0.338,0.395,96,30,7,87.5,10.9,6.9
Hernandez, Cesar,2016,26,547,622,161,130,14,11,6,116,18.6,0.294,0.368,39,17,2,84.2,2.3,1.8
Segura, Jean,2016,26,637,694,203,135,41,7,20,101,14.6,0.319,0.366,64,33,12,88.2,6.9,5.9
Castro, Starlin,2016,26,577,610,156,105,29,1,21,118,19.3,0.27,0.3,70,4,3,88.5,8.9,5.4
Marte, Starling,2016,28,489,529,152,104,34,5,9,104,19.7,0.311,0.361,46,47,16,86.6,8.4,5.4
Donaldson, Josh,2016,31,577,700,164,90,32,5,37,119,17,0.284,0.403,99,7,9,92,14.7,12.5
Freeman, Freddie,2016,27,589,693,178,95,43,6,34,171,24.7,0.302,0.4,91,6,10,91.3,17.3,13.7
Heyward, Jason,2016,27,530,592,122,87,27,1,7,93,15.7,0.23,0.306,49,11,5,86.7,10.6,2.7
LeMahieu, DJ,2016,28,552,635,192,141,32,8,11,80,12.6,0.348,0.411,66,11,3,90.4,4.8,4.9
Lucroy, Jonathan,2016,30,490,544,143,92,24,3,24,100,18.4,0.292,0.355,81,5,3,87.6,14.7,7.6
Moreland, Mitch,2016,31,460,503,107,64,21,0,22,118,23.5,0.233,0.298,60,1,8,90.5,14.7,9.6
Rizzo, Anthony,2016,27,583,676,170,91,43,4,32,108,16,0.292,0.385,109,3,16,89,16.4,9.2
Vogt, Stephen,2016,32,490,532,123,77,30,2,14,83,15.6,0.251,0.305,56,0,4,85.8,19.2,5.1
Galvis, Freddy,2016,27,584,624,141,92,26,3,20,136,21.8,0.241,0.271,67,17,3,85.6,12.4,3
Perez, Salvador,2016,26,514,546,127,75,28,2,22,119,21.8,0.247,0.288,64,0,8,88.8,19.1,6.3
Forsythe, Logan,2016,29,511,567,135,87,24,4,20,127,22.4,0.264,0.333,52,6,8,90,13.5,7.5
Inciarte, Ender,2016,26,522,578,152,118,24,7,3,68,11.8,0.291,0.348,29,16,4,84.5,7,0.7
Ozuna, Marcell,2016,26,557,608,148,96,23,6,23,115,18.9,0.266,0.321,76,0,4,90.7,10.8,7.8
Villar, Jonathan,2016,25,589,679,168,108,38,3,19,174,25.6,0.285,0.367,63,62,2,88,2.9,6.6
Crawford, Brandon,2016,29,553,623,152,101,28,11,12,115,18.5,0.275,0.342,84,7,4,88.3,12.1,5.6
Harrison, Josh,2016,29,487,522,138,102,25,7,4,76,14.6,0.283,0.308,59,19,5,85.2,11.5,2.1
Hosmer, Eric,2016,27,605,667,161,111,24,1,25,132,19.8,0.266,0.328,104,5,1,91.6,3.6,9.4
Kipnis, Jason,2016,29,610,688,168,100,41,4,23,146,21.2,0.275,0.34,82,15,6,89.1,13.9,6.7
Miller, Brad,2016,27,548,601,133,68,29,6,30,149,24.8,0.243,0.304,81,6,3,90.3,11.7,9.7
Rendon, Anthony,2016,26,567,647,153,93,38,2,20,117,18.1,0.27,0.348,85,12,7,90.8,16.9,5.9
Semien, Marcus,2016,26,568,621,135,79,27,2,27,139,22.4,0.238,0.3,75,10,0,87.8,15.1,6.7
Shaw, Travis,2016,26,480,530,116,64,34,2,16,133,25.1,0.242,0.306,71,5,3,88.5,16.1,8
Springer, George,2016,27,644,744,168,105,29,5,29,178,23.9,0.261,0.359,82,9,11,89.3,8.6,10.5
Gregorius, Didi,2016,26,562,597,155,101,32,2,20,82,13.7,0.276,0.302,70,7,6,85,13.5,2.9
Trout, Mike,2016,25,549,681,173,107,32,5,29,137,20.1,0.315,0.441,100,30,11,90.8,12.9,14.6
Herrera, Odubel,2016,25,583,656,167,125,21,6,15,134,20.4,0.286,0.36,49,25,6,86.9,9.3,4.2
Harper, Bryce,2016,24,506,627,123,73,24,2,24,117,18.7,0.243,0.373,86,21,3,88.6,14.6,7.5
Martin, Leonys,2016,28,518,576,128,93,17,3,15,149,25.9,0.247,0.304,47,24,3,85.6,11,5.3
Abreu, Jose,2016,29,624,695,183,125,32,1,25,125,18,0.293,0.353,100,0,15,89.7,10.3,8.1
Suarez, Eugenio,2016,25,565,627,140,92,25,2,21,155,24.7,0.248,0.317,70,11,8,86.6,15.7,6.5
Polanco, Gregory,2016,25,527,587,136,76,34,4,22,119,20.3,0.258,0.322,86,17,0,89.6,13.5,6.3
Schoop, Jonathan,2016,25,615,647,164,100,38,1,25,137,21.2,0.267,0.298,82,1,8,87.4,12,6.7
Arenado, Nolan,2016,25,618,696,182,100,35,6,41,103,14.8,0.294,0.362,133,2,2,89.4,18.7,9
Gennett, Scooter,2016,26,498,542,131,86,30,1,14,114,21,0.263,0.315,56,8,2,86.7,11.7,3.9
Lamb, Jake,2016,26,523,594,130,61,31,9,29,154,25.9,0.249,0.332,91,6,3,91.3,10.4,12.1
Myers, Wil,2016,26,599,676,155,94,29,4,28,160,23.7,0.259,0.336,94,28,4,88.6,10.2,7
Piscotty, Stephen,2016,25,582,649,159,99,35,3,22,133,20.5,0.273,0.342,85,7,12,88.1,13.4,8.6
Seager, Kyle,2016,29,597,676,166,97,36,3,30,108,16,0.278,0.359,99,3,8,90.1,16.5,9.2
Carpenter, Matt,2016,31,473,566,128,65,36,6,21,108,19.1,0.271,0.378,68,0,5,89.7,17,11.3
Dickerson, Corey,2016,27,510,548,125,62,36,3,24,134,24.5,0.245,0.292,70,0,2,89,17.9,11.1
Dozier, Brian,2016,29,615,691,165,83,35,5,42,138,20,0.268,0.339,99,18,8,87.5,18.4,8.3
Iglesias, Jose,2016,26,467,513,119,89,26,0,4,50,9.7,0.255,0.302,32,7,8,82.5,7.1,0.7
Hechavarria, Adeiny,2016,27,508,547,120,94,17,6,3,73,13.3,0.236,0.282,38,1,1,87.4,7.5,1.1
Bryant, Kris,2016,24,603,699,176,99,35,3,39,154,22,0.292,0.385,102,8,18,89.3,20.9,11.9
Machado, Manny,2016,24,640,696,188,110,40,1,37,120,17.2,0.294,0.343,96,0,3,90.3,14.7,9.5
Realmuto, J.T.,2016,25,509,545,154,112,31,0,11,100,18.3,0.303,0.343,48,12,5,88.6,9.8,4.1
Yelich, Christian,2016,25,578,659,172,110,38,3,21,138,20.9,0.298,0.376,98,9,4,92.4,2.5,9.7
Bogaerts, Xander,2016,24,652,719,192,136,34,1,21,123,17.1,0.294,0.356,89,13,6,88.8,11.3,5.3
Calhoun, Kole,2016,29,594,672,161,103,35,5,18,118,17.6,0.271,0.348,75,2,6,89.5,14.8,6.2
Duvall, Adam,2016,28,552,608,133,63,31,6,33,164,27,0.241,0.296,103,6,6,88.6,19,12.1
Eaton, Adam,2016,28,619,706,176,124,29,9,14,115,16.3,0.284,0.358,59,14,14,86.9,3.4,3.1
Lindor, Francisco,2016,23,604,684,182,134,30,3,15,88,12.9,0.301,0.357,78,19,5,88.4,7.7,4.1
Odor, Rougned,2016,22,605,632,164,94,33,4,33,135,21.4,0.271,0.296,88,14,4,88.3,13.1,7.8
Cuthbert, Cheslor,2016,24,475,510,130,89,28,1,12,96,18.8,0.274,0.318,46,2,0,89.2,12.3,2.4
Franco, Maikel,2016,24,581,630,148,99,23,1,25,106,16.8,0.255,0.306,88,1,5,89.6,11.9,7.1
Bradley Jr., Jackie,2016,26,558,636,149,86,30,7,26,143,22.5,0.267,0.349,87,9,10,90.1,10.1,8.6
Betts, Mookie,2016,24,672,730,214,136,42,5,31,80,11,0.318,0.363,113,26,2,89.7,12.5,5.3
Panik, Joe,2016,26,464,526,111,73,21,7,10,47,8.9,0.239,0.314,62,5,4,86.1,12.1,4.7
Pillar, Kevin,2016,27,548,584,146,102,35,2,7,90,15.4,0.266,0.301,53,14,6,86.2,10.4,3
Ramirez, Jose,2016,24,565,618,176,116,46,3,11,62,10,0.312,0.362,76,22,4,88,12.9,3
Russell, Addison,2016,22,525,598,125,76,25,3,21,135,22.6,0.238,0.321,95,5,12,87.2,15.2,9.3
Seager, Corey,2016,22,627,687,193,122,40,5,26,133,19.4,0.308,0.365,72,3,4,91,10.2,8.3
Mazara, Nomar,2016,21,516,568,137,101,13,3,20,112,19.7,0.266,0.32,64,0,6,88,8.4,6.8
Garcia, Adonis,2016,31,532,563,145,102,29,0,14,93,16.5,0.273,0.311,65,3,6,89,7.9,5.2
Correa, Carlos,2016,22,577,660,158,99,36,3,20,139,21.1,0.274,0.361,96,13,5,91,6.9,7.7
Tomas, Yasmany,2016,26,530,563,144,82,30,1,31,136,24.2,0.272,0.313,83,2,1,90.6,9.8,10.6
Martinez, Victor,2018,40,467,508,117,87,21,0,9,49,9.6,0.251,0.297,54,0,2,87.8,14,4.7
Mauer, Joe,2018,35,486,543,137,103,27,1,6,86,15.8,0.282,0.35,48,0,2,90.7,4.5,5
Choo, Shin-Soo,2018,36,560,665,148,96,30,1,21,156,23.5,0.264,0.376,62,6,10,89,6.1,11.1
Molina, Yadier,2018,36,459,503,120,80,20,0,20,66,13.1,0.261,0.314,74,4,9,88.1,15.4,5.5
Encarnacion, Edwin,2018,35,500,579,123,74,16,1,32,132,22.8,0.246,0.335,107,3,8,89.9,18.1,11.7
Jones, Adam,2018,33,580,613,163,113,35,0,15,93,15.2,0.281,0.313,63,7,5,88,13,4.9
Kinsler, Ian,2018,36,487,534,117,77,26,0,14,64,12,0.24,0.301,48,16,4,85.3,17.8,3.1
Desmond, Ian,2018,33,555,619,131,80,21,8,22,146,23.6,0.236,0.307,88,20,6,89.9,0,7
Cruz, Nelson,2018,38,519,591,133,77,18,1,37,122,20.6,0.256,0.342,97,1,14,93.9,12.8,13.8
Peralta, David,2018,31,560,614,164,104,25,5,30,124,20.2,0.293,0.352,87,4,4,91.5,6.7,7.8
Escobar, Alcides,2018,32,485,531,112,83,22,3,4,74,13.9,0.231,0.275,34,8,5,83.1,9.5,2.1
Jay, Jon,2018,33,527,586,141,112,19,7,3,95,16.2,0.268,0.328,40,4,18,84.1,3.2,1.8
Longoria, Evan,2018,33,480,512,117,72,25,4,16,101,19.7,0.244,0.281,54,3,5,88.5,13.6,7.6
Davis, Chris,2018,32,470,522,79,51,12,0,16,192,36.8,0.168,0.243,49,2,7,89,14.7,10.3
Zobrist, Ben,2018,37,455,520,139,99,28,3,9,60,11.5,0.305,0.377,58,3,2,89.4,8.5,3
Cabrera, Asdrubal,2018,33,546,592,143,83,36,1,23,119,20.1,0.262,0.316,75,0,3,89.6,14.3,7.2
Blackmon, Charlie,2018,32,626,696,182,115,31,7,29,134,19.3,0.291,0.358,70,12,8,87.2,11.8,6.5
Markakis, Nick,2018,35,623,705,185,126,43,2,14,80,11.3,0.297,0.366,93,1,1,90.6,10.1,3.1
Nunez, Eduardo,2018,31,480,502,127,91,23,3,10,69,13.7,0.265,0.289,44,7,2,88.2,9.2,3.4
Cain, Lorenzo,2018,32,539,620,166,129,25,2,10,94,15.2,0.308,0.395,38,30,8,89.1,4.9,3.4
McCutchen, Andrew,2018,32,569,682,145,92,30,3,20,145,21.3,0.255,0.368,65,14,11,90.1,13.4,8.4
Upton, Justin,2018,31,533,613,137,88,18,1,30,176,28.7,0.257,0.344,85,8,10,90.7,11.8,14
Votto, Joey,2018,35,503,623,143,101,28,2,12,101,16.2,0.284,0.417,67,2,9,88.1,13.3,6.7
Gardner, Brett,2018,35,530,609,125,86,20,7,12,107,17.6,0.236,0.32,45,16,5,87.3,8.4,2.8
Gordon, Alex,2018,34,506,568,124,87,24,0,13,124,21.8,0.245,0.324,54,12,10,88.5,10.9,6.8
Kemp, Matt,2018,34,462,506,134,88,25,0,21,115,22.7,0.29,0.338,85,0,1,89.6,15.8,11.3
Santana, Carlos,2018,32,560,679,128,74,28,2,24,93,13.7,0.229,0.352,86,2,1,88.8,15.1,7.2
Gonzalez, Carlos,2018,33,463,504,128,76,32,4,16,113,22.4,0.276,0.329,64,5,1,89.4,8.9,6.2
Alonso, Yonder,2018,31,516,574,129,87,19,0,23,123,21.4,0.25,0.317,83,0,2,87.7,15.6,10.1
Smoak, Justin,2018,32,505,594,122,63,34,0,25,156,26.3,0.242,0.35,77,0,3,89.5,14.9,10.8
Lowrie, Jed,2018,34,596,680,159,98,37,1,23,128,18.8,0.267,0.353,99,0,3,89,17.2,5.3
Brantley, Michael,2018,31,570,631,176,121,36,2,17,60,9.5,0.309,0.363,76,12,5,89.9,9.5,3.7
Gurriel, Yuli,2018,34,537,573,156,109,33,1,13,63,11,0.291,0.323,85,5,6,89.3,11.5,1.9
Solarte, Yangervis,2018,31,468,506,106,69,20,0,17,72,14.2,0.226,0.277,54,1,3,87,13.9,4.5
Rojas, Miguel,2018,29,488,528,123,99,13,0,11,69,13.1,0.252,0.295,53,6,9,84.1,8.9,0.9
Escobar, Eduardo,2018,29,566,631,154,80,48,3,23,126,20,0.272,0.334,84,2,5,86.5,18.8,8.3
Martinez, Jose,2018,30,534,590,163,116,30,0,17,104,17.6,0.305,0.363,83,0,2,90.7,8,9.4
Davis, Khris,2018,31,576,654,142,65,28,1,48,175,26.8,0.247,0.326,123,0,12,92.5,18.1,17.2
Pham, Tommy,2018,30,494,570,136,91,18,6,21,140,24.6,0.275,0.367,63,15,6,92.8,6.7,10.1
Martinez, J.D.,2018,31,569,649,188,106,37,2,43,146,22.5,0.33,0.402,130,6,4,93,10.7,16
Goldschmidt, Paul,2018,31,593,690,172,99,35,5,33,173,25.1,0.29,0.388,83,7,6,90.8,15.7,13.6
Gonzalez, Marwin,2018,29,489,552,121,77,25,3,16,126,22.8,0.247,0.321,68,2,3,87.4,10,6.8
Altuve, Jose,2018,28,534,599,169,125,29,2,13,79,13.2,0.316,0.384,61,17,6,86.3,9.5,5.9
Hernandez, Cesar,2018,28,605,708,153,120,15,3,15,155,21.9,0.253,0.356,60,19,4,84.2,9.4,4.2
Segura, Jean,2018,28,586,632,178,136,29,3,10,69,10.9,0.304,0.339,63,20,4,87,7.4,3.6
Castro, Starlin,2018,28,593,647,165,119,32,2,12,124,19.2,0.278,0.329,54,6,0,88.5,8.4,6.9
Marte, Starling,2018,30,559,606,155,98,32,5,20,109,18,0.277,0.327,72,33,8,87.5,8.2,7.5
Dietrich, Derek,2018,29,499,551,132,88,26,2,16,140,25.4,0.265,0.33,45,2,21,87.4,15.7,6.1
Freeman, Freddie,2018,29,618,707,191,120,44,4,23,132,18.7,0.309,0.388,98,10,7,89.1,14.5,9.3
Grandal, Yasmani,2018,30,440,518,106,57,23,2,24,124,23.9,0.241,0.349,68,2,3,88.9,14,11.9
LeMahieu, DJ,2018,30,533,581,147,98,32,2,15,82,14.1,0.276,0.32,62,6,2,91.1,5.7,5.2
Moustakas, Mike,2018,30,573,635,144,82,33,1,28,103,16.2,0.251,0.315,95,4,7,89.3,19.6,8.8
Rizzo, Anthony,2018,29,566,665,160,105,29,1,25,80,12,0.283,0.376,101,6,20,89.9,14.4,6.5
Stanton, Giancarlo,2018,29,617,705,164,91,34,1,38,211,29.9,0.266,0.343,100,5,8,93.7,11.6,15.1
Galvis, Freddy,2018,29,602,656,149,100,31,5,13,147,22.4,0.248,0.299,67,8,2,87.5,13.2,3.9
Perez, Salvador,2018,28,510,544,120,70,23,0,27,108,19.9,0.235,0.274,80,1,12,91.2,18,10.8
Inciarte, Ender,2018,28,597,660,158,115,27,6,10,86,13,0.265,0.323,61,28,6,83.6,10,1.5
Ozuna, Marcell,2018,28,582,628,163,122,16,2,23,110,17.5,0.28,0.325,88,3,3,91.5,10.8,9.7
Villar, Jonathan,2018,27,466,515,121,92,14,1,14,138,26.8,0.26,0.324,46,35,5,87.2,2.7,5.1
Aguilar, Jesus,2018,28,492,566,135,75,25,0,35,143,25.3,0.274,0.352,108,0,6,89.8,16.2,11.4
Crawford, Brandon,2018,31,531,594,135,91,28,2,14,122,20.5,0.254,0.325,54,4,8,87.3,11.1,3.6
Cron, C.J.,2018,28,501,560,127,68,28,1,30,145,25.9,0.253,0.323,74,1,17,88,15.2,12.2
Hicks, Aaron,2018,29,480,581,119,71,18,3,27,111,19.1,0.248,0.365,79,11,3,88.9,12.5,8.8
Hosmer, Eric,2018,29,613,677,155,104,31,2,18,142,21,0.253,0.322,69,7,1,88.8,-1.2,6.4
Kipnis, Jason,2018,31,530,601,122,75,28,1,18,112,18.6,0.23,0.314,75,7,7,86.1,17,6.6
Rendon, Anthony,2018,28,529,597,163,93,44,2,24,82,13.7,0.308,0.374,92,2,5,90.6,17.7,10.3
Semien, Marcus,2018,28,632,703,161,109,35,2,15,131,18.6,0.255,0.317,70,14,1,86.6,15.3,4.5
Shaw, Travis,2018,28,498,587,120,65,23,0,32,108,18.4,0.241,0.344,86,5,4,88.4,16.6,10.3
Springer, George,2018,29,544,620,144,96,26,0,22,122,19.7,0.265,0.344,71,6,5,88.6,9.5,8.9
Gordon, Dee,2018,30,556,588,149,120,17,8,4,80,13.6,0.268,0.284,36,30,9,80.6,3.5,0.2
Gregorius, Didi,2018,28,504,569,135,80,23,5,27,69,12.1,0.268,0.334,86,10,7,86.5,15.6,4.7
Trout, Mike,2018,27,471,608,147,80,24,4,39,124,20.4,0.312,0.459,79,24,10,91.2,18.6,16.5
Herrera, Odubel,2018,27,550,597,140,96,19,3,22,122,20.4,0.255,0.31,71,5,7,86.3,12.3,4.9
Harper, Bryce,2018,26,550,695,137,69,34,0,34,169,24.3,0.249,0.393,100,13,6,90.6,13.9,11.5
Abreu, Jose,2018,31,499,553,132,73,36,1,22,109,19.7,0.265,0.325,78,2,11,91.3,12.2,9.1
Suarez, Eugenio,2018,27,527,606,149,91,22,2,34,142,23.4,0.283,0.366,104,1,9,91.2,14.7,9.7
Polanco, Gregory,2018,27,461,535,117,56,32,6,23,117,21.9,0.254,0.338,81,12,3,88.6,19.9,9.4
Sanchez, Yolmer,2018,26,600,662,145,93,34,10,8,138,20.8,0.242,0.305,55,14,8,85.6,8.5,3
Arenado, Nolan,2018,27,590,673,175,97,38,2,38,122,18.1,0.297,0.373,110,2,3,89.7,15.3,7.4
Barnhart, Tucker,2018,27,460,522,114,80,21,3,10,96,18.4,0.248,0.326,46,0,2,85.9,11.7,3.5
Gennett, Scooter,2018,28,584,638,181,125,30,3,23,125,19.6,0.31,0.356,92,4,4,86.7,13.3,5.8
Hamilton, Billy,2018,28,504,556,119,90,16,9,4,132,23.7,0.236,0.299,29,34,1,79.3,14.3,0.5
Haniger, Mitch,2018,28,596,683,170,102,38,4,26,148,21.7,0.285,0.366,93,8,10,90.2,12.7,10.3
Piscotty, Stephen,2018,27,546,605,146,78,41,0,27,114,18.8,0.267,0.331,88,2,12,88.5,13.1,9.6
Seager, Kyle,2018,31,583,630,129,70,36,1,22,138,21.9,0.221,0.273,78,2,5,89.7,18.4,5.6
Carpenter, Matt,2018,33,564,677,145,67,42,0,36,158,23.3,0.257,0.374,81,4,6,89.6,20.4,13.7
Dickerson, Corey,2018,29,504,533,151,96,35,7,13,80,15,0.3,0.33,55,8,4,87.8,14.8,6.1
Dozier, Brian,2018,31,553,632,119,66,30,2,21,129,20.4,0.215,0.305,72,12,4,86.7,17.8,6.3
Contreras, Willson,2018,26,474,544,118,76,27,5,10,121,22.2,0.249,0.338,54,4,13,87,6.8,7.3
Castellanos, Nicholas,2018,26,620,678,185,111,46,5,23,151,22.3,0.298,0.354,89,2,6,89.6,15.2,11.2
Healy, Ryon,2018,26,493,524,116,77,15,0,24,113,21.6,0.235,0.277,73,0,2,89.4,12.1,7.1
Machado, Manny,2018,26,632,709,188,113,35,3,37,104,14.7,0.297,0.367,107,14,2,91.6,14.4,11.3
Realmuto, J.T.,2018,27,477,531,132,78,30,3,21,104,19.6,0.277,0.339,74,3,10,88.9,14.4,9
Rosario, Eddie,2018,27,559,592,161,104,31,2,24,104,17.6,0.288,0.323,77,8,0,87.3,17.4,8.3
Simmons, Andrelton,2018,29,554,600,162,120,26,5,11,44,7.3,0.292,0.337,75,10,5,87.8,7.7,4.1
Yelich, Christian,2018,27,574,651,187,110,34,7,36,135,20.7,0.326,0.402,110,22,7,92.3,4.7,12.9
Merrifield, Whit,2018,29,632,707,192,134,43,3,12,114,16.1,0.304,0.366,60,45,6,86.5,16.6,4.6
Bogaerts, Xander,2018,26,513,580,148,77,45,3,23,102,17.6,0.288,0.36,103,8,6,90.5,12.7,9.8
Calhoun, Kole,2018,31,491,552,102,63,18,2,19,133,24.1,0.208,0.283,57,6,1,90.4,12,9.3
Profar, Jurickson,2018,25,524,594,133,72,35,6,20,88,14.8,0.254,0.335,77,10,12,87.3,12.3,5
Baez, Javier,2018,26,606,645,176,93,40,9,34,167,25.9,0.29,0.326,111,21,5,89.6,9.2,12.6
Lindor, Francisco,2018,25,661,745,183,101,42,2,38,107,14.4,0.277,0.35,92,25,8,90.2,14.5,9.5
Odor, Rougned,2018,24,474,535,120,77,23,2,18,127,23.7,0.253,0.325,63,12,11,87.8,11.7,7.1
Story, Trevor,2018,26,598,656,174,89,42,6,37,168,25.6,0.291,0.348,108,27,7,90.8,15.7,12.7
Kepler, Max,2018,25,532,611,119,65,30,4,20,96,15.7,0.224,0.319,58,4,5,89.5,16.2,6.6
Bradley Jr., Jackie,2018,28,474,535,111,61,33,4,13,137,25.6,0.234,0.314,59,17,11,91.9,12,10.3
Candelario, Jeimer,2018,25,539,619,121,71,28,3,19,160,25.8,0.224,0.317,54,3,9,87.1,15.3,6
Ahmed, Nick,2018,28,516,564,121,67,33,5,16,109,19.3,0.234,0.289,70,5,2,86.5,11.3,5.1
Anderson, Brian,2018,25,590,670,161,112,34,4,11,129,19.3,0.273,0.357,65,2,16,90.2,8.7,5.8
Bell, Josh,2018,26,501,583,131,84,31,4,12,104,17.8,0.261,0.357,62,2,0,90,9.2,7
Betts, Mookie,2018,26,520,614,180,96,47,5,32,91,14.8,0.346,0.438,80,30,8,92.2,18.3,14.1
Smith, Mallex,2018,25,480,544,142,103,27,10,2,98,18,0.296,0.362,40,40,8,84,2.6,1.5
Hernandez, Teoscar,2018,26,476,523,114,56,29,7,22,163,31.2,0.239,0.302,57,5,3,91.8,17,15.5
Peraza, Jose,2018,24,632,683,182,133,31,4,14,75,11,0.288,0.322,58,23,9,83.9,13.4,2.5
Marte, Ketel,2018,25,520,580,135,83,26,12,14,79,13.6,0.26,0.331,59,6,3,88.5,5.7,5
Nimmo, Brandon,2018,25,433,535,114,61,28,8,17,140,26.2,0.263,0.404,47,9,22,89.5,10.5,6.5
Turner, Trea,2018,25,664,740,180,128,27,6,19,132,17.8,0.271,0.343,73,43,5,87.8,8.3,5.8
Pillar, Kevin,2018,29,512,542,129,72,40,2,15,98,18.1,0.252,0.282,59,14,6,87.1,16.5,5.7
Ramirez, Jose,2018,26,578,698,156,75,38,4,39,80,11.5,0.27,0.387,105,34,8,88.9,18.8,8.5
Bregman, Alex,2018,24,594,705,170,87,51,1,31,85,12.1,0.286,0.394,103,10,12,89.2,16.9,7.6
Gallo, Joey,2018,25,500,577,103,38,24,1,40,207,35.9,0.206,0.312,92,3,3,93.9,21.6,22.5
Mazara, Nomar,2018,23,489,536,126,80,25,1,20,116,21.6,0.258,0.317,77,1,4,90.5,5.3,8.5
Andujar, Miguel,2018,23,573,606,170,94,47,2,27,97,16,0.297,0.328,92,2,4,89.2,12.3,6.3
Swanson, Dansby,2018,24,478,533,114,71,25,4,14,122,22.9,0.238,0.3,59,10,2,86.8,12.9,4.1
Taylor, Chris,2018,28,536,604,136,76,35,8,17,178,29.5,0.254,0.331,63,9,9,88.6,16.4,8.6
Wendle, Joey,2018,28,487,545,146,100,33,6,7,96,17.6,0.3,0.352,61,16,9,88.4,10.3,2.7
Olson, Matt,2018,24,580,660,143,81,33,0,29,163,24.7,0.247,0.335,84,2,8,93.1,17.8,12.2
Duffy, Matt,2018,27,503,560,148,121,22,1,4,93,16.6,0.294,0.361,44,12,7,86.6,4.6,1.2
Margot, Manuel,2018,24,477,519,117,75,26,8,8,88,17,0.245,0.291,51,11,2,88.7,11.4,3.3
Camargo, Johan,2018,25,464,524,126,79,27,1,19,108,20.6,0.272,0.349,76,1,6,88,12.5,5
Conforto, Michael,2018,25,543,638,132,78,25,1,28,159,24.9,0.243,0.35,82,3,7,87.9,11.9,9.5
Anderson, Tim,2018,25,567,606,136,85,28,3,20,149,24.6,0.24,0.281,64,26,4,85.6,10.5,4.7
Bellinger, Cody,2018,23,557,632,145,85,28,7,25,151,23.9,0.26,0.343,76,14,3,89.7,16.1,8.6
Mancini, Trey,2018,26,582,636,141,91,23,3,24,153,24.1,0.242,0.299,58,0,5,89.9,5.4,11.8
Rosario, Amed,2018,23,554,592,142,99,26,8,9,119,20.1,0.256,0.294,51,24,3,87.3,7.2,3.9
Benintendi, Andrew,2018,24,579,661,168,105,41,6,16,106,16,0.29,0.365,87,21,2,88.4,12.6,6.4
Albies, Ozzie,2018,21,639,684,167,98,40,5,24,116,17,0.261,0.304,72,14,5,86.3,15.5,4.7
Chapman, Matt,2018,25,547,616,152,80,42,6,24,146,23.7,0.278,0.356,68,1,9,93,14.7,8.9
Hoskins, Rhys,2018,25,558,660,137,65,38,0,34,150,22.7,0.246,0.353,96,5,9,88.9,22.4,11.4
Schwarber, Kyle,2018,25,428,510,102,59,14,3,26,140,27.5,0.238,0.355,61,4,1,90,11.5,12.7
Moncada, Yoan,2018,23,578,650,136,81,32,6,17,217,33.4,0.235,0.314,61,12,1,90.6,15.1,9.6
